ref_area,country,time_period,gdp
AFG,Afghanistan,2021,372.548874780042
AFG,Afghanistan,2020,516.866542963081
AFG,Afghanistan,2019,500.522664150507
AFG,Afghanistan,2018,502.056770632776
AFG,Afghanistan,2017,530.149830789956
ALB,Albania,2021,6396.46181225342
ALB,Albania,2020,5278.22228193746
ALB,Albania,2019,5359.23907835741
ALB,Albania,2018,5268.11660839028
ALB,Albania,2017,4521.7522173139
DZA,Algeria,2021,3700.32405783434
DZA,Algeria,2020,3354.15316371593
DZA,Algeria,2019,4021.98325481973
DZA,Algeria,2018,4171.79539218679
DZA,Algeria,2017,4134.93605517078
AND,Andorra,2021,42066.0415696858
AND,Andorra,2020,37207.1756359621
AND,Andorra,2019,41328.6340793287
AND,Andorra,2018,42904.8225832496
AND,Andorra,2017,40632.2064162596
AGO,Angola,2021,2044.2182115247
AGO,Angola,2020,1639.95103612302
AGO,Angola,2019,2569.62979126205
AGO,Angola,2018,3240.86222212994
AGO,Angola,2017,4042.68140306353
AIA,Anguilla,2021,19216.3279892601
AIA,Anguilla,2020,16582.6590144845
AIA,Anguilla,2019,24494.7743582334
AIA,Anguilla,2018,21240.732201802
AIA,Anguilla,2017,18718.3187183187
ATG,Antigua and Barbuda,2021,15245.8189854
ATG,Antigua and Barbuda,2020,14788.3951896298
ATG,Antigua and Barbuda,2019,18319.4560540762
ATG,Antigua and Barbuda,2018,17527.1696291931
ATG,Antigua and Barbuda,2017,16110.5562811025
ARG,Argentina,2021,10761.0816269643
ARG,Argentina,2020,8560.709940339
ARG,Argentina,2019,10006.6931106198
ARG,Argentina,2018,11816.6495369855
ARG,Argentina,2017,14609.7833696004
ARM,Armenia,2021,4966.51667567882
ARM,Armenia,2020,4505.86774552638
ARM,Armenia,2019,4828.50488860645
ARM,Armenia,2018,4391.92327364082
ARM,Armenia,2017,4041.99507231389
ABW,Aruba,2021,29342.1008558781
ABW,Aruba,2020,24487.8635589451
ABW,Aruba,2019,31650.7605369368
ABW,Aruba,2018,30220.1727424367
ABW,Aruba,2017,29329.0923434191
AUS,Australia,2021,66915.8592008469
AUS,Australia,2020,55774.1582890132
AUS,Australia,2019,54267.0881988172
AUS,Australia,2018,58225.1616873622
AUS,Australia,2017,57430.8037879349
AUT,Austria,2021,53840.3932953502
AUT,Austria,2020,48859.0181366728
AUT,Austria,2019,50070.2905763494
AUT,Austria,2018,51466.6031367299
AUT,Austria,2017,47429.5358412186
AZE,Azerbaijan,2021,5296.44321168757
AZE,Azerbaijan,2020,4151.01637334004
AZE,Azerbaijan,2019,4707.84697863006
AZE,Azerbaijan,2018,4640.470544109
AZE,Azerbaijan,2017,4057.62400705287
BHS,Bahamas,2021,27478.3896289831
BHS,Bahamas,2020,23862.7355949133
BHS,Bahamas,2019,32610.4850490784
BHS,Bahamas,2018,31738.2671569969
BHS,Bahamas,2017,30969.8761966819
BHR,Bahrain,2021,26562.9740428193
BHR,Bahrain,2020,23501.9151426052
BHR,Bahrain,2019,25869.2061820926
BHR,Bahrain,2018,25415.7500653029
BHR,Bahrain,2017,24349.8368467279
BGD,Bangladesh,2021,2449.90651676298
BGD,Bangladesh,2020,2231.27163368507
BGD,Bangladesh,2019,2111.4167932545
BGD,Bangladesh,2018,1931.80558965614
BGD,Bangladesh,2017,1785.96290278843
BRB,Barbados,2021,17225.4623044097
BRB,Barbados,2020,16643.8065787177
BRB,Barbados,2019,19002.9623813263
BRB,Barbados,2018,18224.8880895855
BRB,Barbados,2017,17843.1964955388
BLR,Belarus,2021,7121.00468882456
BLR,Belarus,2020,6370.49250092413
BLR,Belarus,2019,6658.08998937656
BLR,Belarus,2018,6191.59174029738
BLR,Belarus,2017,5637.21856500439
BEL,Belgium,2021,51165.510222267
BEL,Belgium,2020,45426.8004183642
BEL,Belgium,2019,46551.2107434748
BEL,Belgium,2018,47455.5233195778
BEL,Belgium,2017,44162.256255538
BLZ,Belize,2021,6228.70085318388
BLZ,Belize,2020,5267.28089162136
BLZ,Belize,2019,6210.95294465362
BLZ,Belize,2018,6059.2410787665
BLZ,Belize,2017,6101.58594903027
BEN,Benin,2021,1360.91147421792
BEN,Benin,2020,1240.73315537007
BEN,Benin,2019,1170.96553298758
BEN,Benin,2018,1194.43821427546
BEN,Benin,2017,1095.27445905216
BMU,Bermuda,2021,112652.646350393
BMU,Bermuda,2020,107473.879839453
BMU,Bermuda,2019,116333.385570112
BMU,Bermuda,2018,113667.773041167
BMU,Bermuda,2017,112877.376531015
BTN,Bhutan,2021,3062.91497537619
BTN,Bhutan,2020,2997.3066074334
BTN,Bhutan,2019,3303.97973622725
BTN,Bhutan,2018,3210.70775543512
BTN,Bhutan,2017,3240.70660157786
BOL,Bolivia (Plurinational State of),2021,3345.19658874328
BOL,Bolivia (Plurinational State of),2020,3068.81255507969
BOL,Bolivia (Plurinational State of),2019,3472.38083076232
BOL,Bolivia (Plurinational State of),2018,3471.0069506501
BOL,Bolivia (Plurinational State of),2017,3280.01179026962
BIH,Bosnia and Herzegovina,2021,7143.28396260018
BIH,Bosnia and Herzegovina,2020,6012.16607969962
BIH,Bosnia and Herzegovina,2019,6011.41726088556
BIH,Bosnia and Herzegovina,2018,5936.15365506952
BIH,Bosnia and Herzegovina,2017,5255.95028022569
BWA,Botswana,2021,6805.24771262702
BWA,Botswana,2020,5863.18204977931
BWA,Botswana,2019,6679.1868667813
BWA,Botswana,2018,6947.81805310512
BWA,Botswana,2017,6705.33980183834
BRA,Brazil,2021,7507.16024556456
BRA,Brazil,2020,6794.51585251428
BRA,Brazil,2019,8883.90309224184
BRA,Brazil,2018,9121.02009249958
BRA,Brazil,2017,9896.7175109967
,British Virgin Islands,2021,49443.8688708952
,British Virgin Islands,2020,48272.9635716597
,British Virgin Islands,2019,47005.648186867
,British Virgin Islands,2018,45553.6508983023
,British Virgin Islands,2017,43472.0558882236
BRN,Brunei Darussalam,2021,31448.9136081385
BRN,Brunei Darussalam,2020,27179.2823986381
BRN,Brunei Darussalam,2019,30748.3422785149
BRN,Brunei Darussalam,2018,31240.4444480996
BRN,Brunei Darussalam,2017,28186.9465313442
BGR,Bulgaria,2021,12207.2577149813
BGR,Bulgaria,2020,10064.0720685003
BGR,Bulgaria,2019,9771.55610502572
BGR,Bulgaria,2018,9323.85292617087
BGR,Bulgaria,2017,8242.45577091262
BFA,Burkina Faso,2021,893.07719598646
BFA,Burkina Faso,2020,833.244336102605
BFA,Burkina Faso,2019,772.166877547463
BFA,Burkina Faso,2018,779.202768060739
BFA,Burkina Faso,2017,711.184630760361
BDI,Burundi,2021,310.706844274277
BDI,Burundi,2020,295.831964395867
BDI,Burundi,2019,283.669869987216
BDI,Burundi,2018,288.62639371465
BDI,Burundi,2017,295.620936297451
CPV,Cabo Verde,2021,3293.23332217177
CPV,Cabo Verde,2020,2924.10051478724
CPV,Cabo Verde,2019,3434.56349097817
CPV,Cabo Verde,2018,3442.74278075722
CPV,Cabo Verde,2017,3132.62058801454
KHM,Cambodia,2021,1607.65892853542
KHM,Cambodia,2020,1542.44479186464
KHM,Cambodia,2019,1671.91439327777
KHM,Cambodia,2018,1533.3159845611
KHM,Cambodia,2017,1400.89926762828
CMR,Cameroon,2021,1668.01241018141
CMR,Cameroon,2020,1540.30861044805
CMR,Cameroon,2019,1538.68791202148
CMR,Cameroon,2018,1594.06010909489
CMR,Cameroon,2017,1479.86222292155
CAN,Canada,2021,52112.0614958113
CAN,Canada,2020,43427.8080385266
CAN,Canada,2019,46411.963246769
CAN,Canada,2018,46493.6911961323
CAN,Canada,2017,45125.1098082187
CYM,Cayman Islands,2021,85250.265252558
CYM,Cayman Islands,2020,83326.4589019492
CYM,Cayman Islands,2019,89868.683181147
CYM,Cayman Islands,2018,85231.7761037273
CYM,Cayman Islands,2017,81255.1124569481
CAF,Central African Republic,2021,461.36101321537
CAF,Central African Republic,2020,435.209200835453
CAF,Central African Republic,2019,426.400293441259
CAF,Central African Republic,2018,435.932186750062
CAF,Central African Republic,2017,414.740322572797
TCD,Chad,2021,955.169672568295
TCD,Chad,2020,895.753966373683
TCD,Chad,2019,948.690207061047
TCD,Chad,2018,984.496310120671
TCD,Chad,2017,884.869684679412
CHL,Chile,2021,16265.0964340701
CHL,Chile,2020,13094.4594305483
CHL,Chile,2019,14631.9464082694
CHL,Chile,2018,15795.7081412541
CHL,Chile,2017,15081.9891315497
CHN,China (mainland),2021,12437.2060975257
CHN,China (mainland),2020,10307.696388142
CHN,China (mainland),2019,10043.1301771486
CHN,China (mainland),2018,9805.38064528742
CHN,China (mainland),2017,8729.13693005279
,"China, Hong Kong SAR",2021,49258.8143466079
,"China, Hong Kong SAR",2020,45984.7887081786
,"China, Hong Kong SAR",2019,48431.9381390739
,"China, Hong Kong SAR",2018,48349.7175380955
,"China, Hong Kong SAR",2017,45737.4832109087
,"China, Macao Special Administrative Region",2021,43554.8597342259
,"China, Macao Special Administrative Region",2020,37833.6185349213
,"China, Macao Special Administrative Region",2019,83183.4723863046
,"China, Macao Special Administrative Region",2018,84923.308755835
,"China, Macao Special Administrative Region",2017,78985.632294577
COL,Colombia,2021,6104.13670930389
COL,Colombia,2020,5307.21522798913
COL,Colombia,2019,6438.06018290429
COL,Colombia,2018,6782.0379203319
COL,Colombia,2017,6450.31958548123
COM,Comoros,2021,1631.4845533623
COM,Comoros,2020,1532.43912204232
COM,Comoros,2019,1507.68750821576
COM,Comoros,2018,1531.33781085771
COM,Comoros,2017,1414.58668930424
COG,Congo,2021,2200.3177753634
COG,Congo,2020,1838.44810805991
COG,Congo,2019,2317.39798599096
COG,Congo,2018,2512.38409928929
COG,Congo,2017,2088.50021654511
COK,Cook Islands,2021,19263.8900225865
COK,Cook Islands,2020,16641.8904624143
COK,Cook Islands,2019,20853.0460675778
COK,Cook Islands,2018,21023.2359935235
COK,Cook Islands,2017,19868.2952145582
CRI,Costa Rica,2021,12472.443327393
CRI,Costa Rica,2020,12132.8778190694
CRI,Costa Rica,2019,12669.3411617356
CRI,Costa Rica,2018,12383.1499469533
CRI,Costa Rica,2017,12118.1336180633
CIV,Côte d'Ivoire,2021,2538.91107139605
CIV,Côte d'Ivoire,2020,2288.11947968802
CIV,Côte d'Ivoire,2019,2238.81793879813
CIV,Côte d'Ivoire,2018,2275.47733613739
CIV,Côte d'Ivoire,2017,2076.14782250327
HRV,Croatia,2021,16983.4473172554
HRV,Croatia,2020,14028.2775621251
HRV,Croatia,2019,15092.4282215286
HRV,Croatia,2018,14978.2628975079
HRV,Croatia,2017,13434.5339838897
CUB,Cuba,2021,11255.2789495585
CUB,Cuba,2020,9499.59020230432
CUB,Cuba,2019,9139.41585605765
CUB,Cuba,2018,8831.90722233737
CUB,Cuba,2017,8543.36096849045
CUW,Curaçao,2021,14183.2552804769
CUW,Curaçao,2020,13187.1789852193
CUW,Curaçao,2019,15510.526812168
CUW,Curaçao,2018,16351.0258931147
CUW,Curaçao,2017,17545.633303234
CYP,Cyprus,2021,32280.928826947
CYP,Cyprus,2020,28570.300352597
CYP,Cyprus,2019,29850.5069596484
CYP,Cyprus,2018,29422.1920637367
CYP,Cyprus,2017,26682.0185220247
CZE,Czechia,2021,26808.5398580416
CZE,Czechia,2020,23357.2933669007
CZE,Czechia,2019,23968.0432611253
CZE,Czechia,2018,23636.4651894173
CZE,Czechia,2017,20759.9097122033
PRK,Democratic People's Republic of Korea,2021,654.148007580355
PRK,Democratic People's Republic of Korea,2020,621.379145465918
PRK,Democratic People's Republic of Korea,2019,643.145377501516
PRK,Democratic People's Republic of Korea,2018,691.812595397125
PRK,Democratic People's Republic of Korea,2017,690.244872100266
COD,Democratic Republic of the Congo,2021,551.127775172991
COD,Democratic Republic of the Congo,2020,487.949475719117
COD,Democratic Republic of the Congo,2019,526.318175083187
COD,Democratic Republic of the Congo,2018,541.36452197493
COD,Democratic Republic of the Congo,2017,446.61844701623
DNK,Denmark,2021,68036.7174499952
DNK,Denmark,2020,60975.6848225304
DNK,Denmark,2019,59783.6493386567
DNK,Denmark,2018,61879.7722660932
DNK,Denmark,2017,57888.2035134379
DJI,Djibouti,2021,3348.01339134736
DJI,Djibouti,2020,3140.33794147893
DJI,Djibouti,2019,2948.18132777605
DJI,Djibouti,2018,2765.19875448371
DJI,Djibouti,2017,2659.85415978712
DMA,Dominica,2021,7570.78378148905
DMA,Dominica,2020,7036.80553947934
DMA,Dominica,2019,8561.58701121461
DMA,Dominica,2018,7833.19501250117
DMA,Dominica,2017,7395.99164808318
DOM,Dominican Republic,2021,8476.74968827998
DOM,Dominican Republic,2020,7167.91493198067
DOM,Dominican Republic,2019,8173.34464580364
DOM,Dominican Republic,2018,7947.15935395763
DOM,Dominican Republic,2017,7513.49795087051
ECU,Ecuador,2021,5965.13287054416
ECU,Ecuador,2020,5645.19928965332
ECU,Ecuador,2019,6233.25816692363
ECU,Ecuador,2018,6321.34940071717
ECU,Ecuador,2017,6246.40425217932
EGY,Egypt,2021,3898.01973030035
EGY,Egypt,2020,3457.21106275945
EGY,Egypt,2019,3004.65215608447
EGY,Egypt,2018,2407.45363312962
EGY,Egypt,2017,1917.04957639392
SLV,El Salvador,2021,4551.18479682276
SLV,El Salvador,2020,3903.39511557065
SLV,El Salvador,2019,4280.28788909683
SLV,El Salvador,2018,4145.86294628304
SLV,El Salvador,2017,3986.04901435439
GNQ,Equatorial Guinea,2021,7605.45338603103
GNQ,Equatorial Guinea,2020,6279.16555708856
GNQ,Equatorial Guinea,2019,7351.61103803918
GNQ,Equatorial Guinea,2018,8719.18806821932
GNQ,Equatorial Guinea,2017,8410.3944188638
ERI,Eritrea,2021,622.982140234401
ERI,Eritrea,2020,586.053060382095
ERI,Eritrea,2019,566.436164468363
ERI,Eritrea,2018,582.130815055986
ERI,Eritrea,2017,560.495845076764
EST,Estonia,2021,27990.6210290954
EST,Estonia,2020,23596.6280435775
EST,Estonia,2019,23421.9958186727
EST,Estonia,2018,23162.8533237043
EST,Estonia,2017,20435.2059035876
ETH,Ethiopia,2021,825.29111407975
ETH,Ethiopia,2020,824.390267539008
ETH,Ethiopia,2019,811.088098061541
ETH,Ethiopia,2018,721.773869820684
ETH,Ethiopia,2017,709.761008319269
FJI,Fiji,2021,4646.5379213787
FJI,Fiji,2020,4864.10600270359
FJI,Fiji,2019,5968.299048919
FJI,Fiji,2018,6073.36621128068
FJI,Fiji,2017,5825.22429302441
FIN,Finland,2021,53703.4525200273
FIN,Finland,2020,49171.4190881739
FIN,Finland,2019,48630.4659323208
FIN,Finland,2018,49988.2062021367
FIN,Finland,2017,46412.7600090904
FRA,France,2021,44229.3937152728
FRA,France,2020,39505.8438762979
FRA,France,2019,40915.3768257613
FRA,France,2018,41937.9339153234
FRA,France,2017,39088.1817547628
PYF,French Polynesia,2021,19914.5990586098
PYF,French Polynesia,2020,18910.3786511001
PYF,French Polynesia,2019,20023.4983542896
PYF,French Polynesia,2018,20614.8943927479
PYF,French Polynesia,2017,19743.9589929011
GAB,Gabon,2021,7910.8460826124
GAB,Gabon,2020,6681.10096738432
GAB,Gabon,2019,7523.8622784602
GAB,Gabon,2018,7694.9087506885
GAB,Gabon,2017,6975.76948305681
GMB,Gambia,2021,772.151452386123
GMB,Gambia,2020,704.030458020212
GMB,Gambia,2019,722.87535057408
GMB,Gambia,2018,683.330812038291
GMB,Gambia,2017,632.019868903478
GEO,Georgia,2021,4975.12492080027
GEO,Georgia,2020,4207.85314646048
GEO,Georgia,2019,4634.80574062929
GEO,Georgia,2018,4665.44780484313
GEO,Georgia,2017,4306.23480942061
DEU,Germany,2021,51073.1178941387
DEU,Germany,2020,46678.4607452526
DEU,Germany,2019,46762.6334053766
DEU,Germany,2018,47944.5327352927
DEU,Germany,2017,44670.2222823214
GHA,Ghana,2021,2408.6349026275
GHA,Ghana,2020,2176.57621801276
GHA,Ghana,2019,2168.41725170413
GHA,Ghana,2018,2179.32072230673
GHA,Ghana,2017,1998.62695810955
GRC,Greece,2021,20571.2179357684
GRC,Greece,2020,17972.0154517905
GRC,Greece,2019,19411.4392938556
GRC,Greece,2018,19942.0722985106
GRC,Greece,2017,18690.6244835056
GRL,Greenland,2021,58185.2407468413
GRL,Greenland,2020,54902.9165256868
GRL,Greenland,2019,53535.8101116385
GRL,Greenland,2018,54634.858117971
GRL,Greenland,2017,50987.2242516814
GRD,Grenada,2021,8950.22856200233
GRD,Grenada,2020,8437.5496218666
GRD,Grenada,2019,9887.92249274796
GRD,Grenada,2018,9574.30712792275
GRD,Grenada,2017,9309.26784153841
GTM,Guatemala,2021,4883.20781594319
GTM,Guatemala,2020,4470.84319534953
GTM,Guatemala,2019,4511.21905060784
GTM,Guatemala,2018,4351.78658835621
GTM,Guatemala,2017,4322.03110849529
GIN,Guinea,2021,1185.05914010615
GIN,Guinea,2020,1073.6548866269
GIN,Guinea,2019,1043.89988619523
GIN,Guinea,2018,944.417268463842
GIN,Guinea,2017,843.464278118821
GNB,Guinea-Bissau,2021,758.552119677899
GNB,Guinea-Bissau,2020,692.798209795338
GNB,Guinea-Bissau,2019,692.900054204675
GNB,Guinea-Bissau,2018,741.561990677868
GNB,Guinea-Bissau,2017,718.24573781225
GUY,Guyana,2021,9998.54545222873
GUY,Guyana,2020,6863.09239466714
GUY,Guyana,2019,6477.29672607993
GUY,Guyana,2018,6094.90983679015
GUY,Guyana,2017,6220.97856820609
HTI,Haiti,2021,1663.562062199
HTI,Haiti,2020,1463.52285069222
HTI,Haiti,2019,1260.28697781211
HTI,Haiti,2018,1428.42247577811
HTI,Haiti,2017,1402.61432154205
HND,Honduras,2021,2771.72261645247
HND,Honduras,2020,2354.12148010105
HND,Honduras,2019,2519.36742254535
HND,Honduras,2018,2457.68643955119
HND,Honduras,2017,2403.30609417895
HUN,Hungary,2021,18728.3244176432
HUN,Hungary,2020,16120.2880343781
HUN,Hungary,2019,16781.827508669
HUN,Hungary,2018,16423.7673133199
HUN,Hungary,2017,14619.7832881336
ISL,Iceland,2021,69133.1340822158
ISL,Iceland,2020,59166.9184194248
ISL,Iceland,2019,68813.4458681494
ISL,Iceland,2018,74414.0114539156
ISL,Iceland,2017,71961.5320385189
IND,India,2021,2274.47654160975
IND,India,2020,1913.65536647653
IND,India,2019,2061.10083435195
IND,India,2018,2018.40029246943
IND,India,2017,1937.92454293877
IDN,Indonesia,2021,4332.70928089405
IDN,Indonesia,2020,3894.27221056371
IDN,Indonesia,2019,4151.22755454135
IDN,Indonesia,2018,3902.66167542693
IDN,Indonesia,2017,3839.78507463674
IRN,"Iran, Islamic Republic of",2021,6766.02090161162
IRN,"Iran, Islamic Republic of",2020,6228.12710102043
IRN,"Iran, Islamic Republic of",2019,5999.65853463825
IRN,"Iran, Islamic Republic of",2018,6147.86710543053
IRN,"Iran, Islamic Republic of",2017,5960.70714697256
IRQ,Iraq,2021,4686.12992866172
IRQ,Iraq,2020,4251.33724287158
IRQ,Iraq,2019,5621.18169491752
IRQ,Iraq,2018,5601.46706102705
IRQ,Iraq,2017,4725.19337083115
IRL,Ireland,2021,101108.989159094
IRL,Ireland,2020,86098.2687780697
IRL,Ireland,2019,81560.4887872995
IRL,Ireland,2018,79788.2143509396
IRL,Ireland,2017,70491.9932924491
ISR,Israel,2021,54111.0210446624
ISR,Israel,2020,46486.0252219369
ISR,Israel,2019,46228.8973311169
ISR,Israel,2018,44184.0053972721
ISR,Israel,2017,42756.8250629222
ITA,Italy,2021,35578.8510673149
ITA,Italy,2020,31877.9301545643
ITA,Italy,2019,33674.3987524538
ITA,Italy,2018,34936.913640942
ITA,Italy,2017,32694.4062251409
JAM,Jamaica,2021,5183.58014157579
JAM,Jamaica,2020,4897.26587028948
JAM,Jamaica,2019,5626.16918700206
JAM,Jamaica,2018,5594.49334833533
JAM,Jamaica,2017,5273.14906097781
JPN,Japan,2021,39649.9275053265
JPN,Japan,2020,40242.0645290233
JPN,Japan,2019,40728.5940826643
JPN,Japan,2018,39901.7926272904
JPN,Japan,2017,38928.952603668
JOR,Jordan,2021,4058.35430116032
JOR,Jordan,2020,3998.38033184227
JOR,Jordan,2019,4159.6537537759
JOR,Jordan,2018,4104.48838165666
JOR,Jordan,2017,4053.53953065729
KAZ,Kazakhstan,2021,10054.8900817298
KAZ,Kazakhstan,2020,9014.18302522247
KAZ,Kazakhstan,2019,9686.71674675051
KAZ,Kazakhstan,2018,9674.12988338566
KAZ,Kazakhstan,2017,9107.69767941843
KEN,Kenya,2021,2081.79896988923
KEN,Kenya,2020,1936.42494984344
KEN,Kenya,2019,1970.0800629654
KEN,Kenya,2018,1845.78341285836
KEN,Kenya,2017,1675.97365207376
,Kingdom of Eswatini,2021,3968.90595896081
,Kingdom of Eswatini,2020,3364.86056097377
,Kingdom of Eswatini,2019,3843.2567105606
,Kingdom of Eswatini,2018,4020.18776479325
,Kingdom of Eswatini,2017,3822.79341041969
KIR,Kiribati,2021,1764.93448610105
KIR,Kiribati,2020,1404.75116012993
KIR,Kiribati,2019,1411.94072854831
KIR,Kiribati,2018,1605.02870439169
KIR,Kiribati,2017,1563.46713986982
,Kosovo,2021,5663.08649820687
,Kosovo,2020,4629.49995364692
,Kosovo,2019,4682.78895319179
,Kosovo,2018,4607.5667138545
,Kosovo,2017,4146.74001352659
KWT,Kuwait,2021,32150.1788243815
KWT,Kuwait,2020,24297.7011459434
KWT,Kuwait,2019,30666.2203673464
KWT,Kuwait,2018,32012.1352802577
KWT,Kuwait,2017,29258.2894761078
KGZ,Kyrgyzstan,2021,1339.0052104083
KGZ,Kyrgyzstan,2020,1211.05460724504
KGZ,Kyrgyzstan,2019,1402.83374990666
KGZ,Kyrgyzstan,2018,1329.01328354177
KGZ,Kyrgyzstan,2017,1258.39077849884
LAO,Lao People's Democratic Republic,2021,2568.92408238079
LAO,Lao People's Democratic Republic,2020,2611.68560708144
LAO,Lao People's Democratic Republic,2019,2598.50579472262
LAO,Lao People's Democratic Republic,2018,2553.3604179215
LAO,Lao People's Democratic Republic,2017,2439.46241160965
LVA,Latvia,2021,21267.46224347
LVA,Latvia,2020,18239.7426761832
LVA,Latvia,2019,17919.6323991868
LVA,Latvia,2018,17786.9858573287
LVA,Latvia,2017,15593.8403927397
LBN,Lebanon,2021,6784.79932772586
LBN,Lebanon,2020,6895.23418308062
LBN,Lebanon,2019,8997.36354586994
LBN,Lebanon,2018,9225.8451548767
LBN,Lebanon,2017,8679.89742211552
LSO,Lesotho,2021,1040.30867404702
LSO,Lesotho,2020,938.701100048619
LSO,Lesotho,2019,1094.24483851092
LSO,Lesotho,2018,1162.3653344995
LSO,Lesotho,2017,1061.91696183063
LBR,Liberia,2021,470.767016353013
LBR,Liberia,2020,487.636027827747
LBR,Liberia,2019,517.972477222484
LBR,Liberia,2018,561.410774266161
LBR,Liberia,2017,576.029300565334
LBY,Libya,2021,5791.25497649797
LBY,Libya,2020,7039.72525249428
LBY,Libya,2019,10542.4290203358
LBY,Libya,2018,11838.2987075
LBY,Libya,2017,10529.116268568
LIE,Liechtenstein,2021,169260.216995924
LIE,Liechtenstein,2020,157781.559358165
LIE,Liechtenstein,2019,167012.654719668
LIE,Liechtenstein,2018,175286.619274312
LIE,Liechtenstein,2017,170875.739911488
LTU,Lithuania,2021,23844.1256495224
LTU,Lithuania,2020,20156.4684848772
LTU,Lithuania,2019,19217.2394022148
LTU,Lithuania,2018,18688.8105847322
LTU,Lithuania,2017,16443.2980191706
LUX,Luxembourg,2021,133745.40150219
LUX,Luxembourg,2020,117374.220589346
LUX,Luxembourg,2019,112626.907705677
LUX,Luxembourg,2018,116793.619745689
LUX,Luxembourg,2017,110203.008207485
MDG,Madagascar,2021,499.722185088885
MDG,Madagascar,2020,462.568582884479
MDG,Madagascar,2019,512.279665582736
MDG,Madagascar,2018,512.54399151824
MDG,Madagascar,2017,503.498058679894
MWI,Malawi,2021,613.341049703055
MWI,Malawi,2020,607.026409448963
MWI,Malawi,2019,584.721728792875
MWI,Malawi,2018,537.735380095757
MWI,Malawi,2017,500.16555371268
MYS,Malaysia,2021,11100.9437246863
MYS,Malaysia,2020,10150.8308636084
MYS,Malaysia,2019,11135.188647471
MYS,Malaysia,2018,11073.981386202
MYS,Malaysia,2017,9979.70475684195
MDV,Maldives,2021,10366.294434637
MDV,Maldives,2020,7282.37291991122
MDV,Maldives,2019,11118.5262292402
MDV,Maldives,2018,10823.6104871125
MDV,Maldives,2017,10063.0037092104
MLI,Mali,2021,874.552414231923
MLI,Mali,2020,822.906137523795
MLI,Mali,2019,840.175746131307
MLI,Mali,2018,856.356595938808
MLI,Mali,2017,795.682802118529
MLT,Malta,2021,33641.5956848401
MLT,Malta,2020,29175.581980313
MLT,Malta,2019,31514.4849991541
MLT,Malta,2018,31112.6473424194
MLT,Malta,2017,28122.2871698026
MHL,Marshall Islands,2021,6111.27229488704
MHL,Marshall Islands,2020,5631.08856794048
MHL,Marshall Islands,2019,5357.75152030048
MHL,Marshall Islands,2018,4822.76740090021
MHL,Marshall Islands,2017,4515.26119482061
MRT,Mauritania,2021,2166.0447966256
MRT,Mauritania,2020,1868.46824823731
MRT,Mauritania,2019,1839.96277823346
MRT,Mauritania,2018,1749.95423645373
MRT,Mauritania,2017,1634.64217355325
MUS,Mauritius,2021,8872.95918952896
MUS,Mauritius,2020,8782.7309065037
MUS,Mauritius,2019,11134.2148411931
MUS,Mauritius,2018,11375.5522266979
MUS,Mauritius,2017,10591.6982609179
MEX,Mexico,2021,10045.676371041
MEX,Mexico,2020,8654.99732516958
MEX,Mexico,2019,10145.1526279593
MEX,Mexico,2018,9857.00748742213
MEX,Mexico,2017,9434.37817948243
,Micronesia (Federated States of),2021,3572.65515199194
,Micronesia (Federated States of),2020,3635.09471393146
,Micronesia (Federated States of),2019,3703.38585370671
,Micronesia (Federated States of),2018,3623.32914747271
,Micronesia (Federated States of),2017,3320.35505750249
MCO,Monaco,2021,234317.084818276
MCO,Monaco,2020,182537.304600697
MCO,Monaco,2019,199383.567142435
MCO,Monaco,2018,194288.624161899
MCO,Monaco,2017,173611.814796681
MNG,Mongolia,2021,4509.85839327106
MNG,Mongolia,2020,4041.1741451419
MNG,Mongolia,2019,4394.94715009427
MNG,Mongolia,2018,4165.02282081968
MNG,Mongolia,2017,3708.24816647091
MNE,Montenegro,2021,9252.31191553621
MNE,Montenegro,2020,7600.01785812639
MNE,Montenegro,2019,8791.58886745199
MNE,Montenegro,2018,8720.98403633935
MNE,Montenegro,2017,7679.19123418377
MSR,Montserrat,2021,16199.4195825892
MSR,Montserrat,2020,15067.4897119342
MSR,Montserrat,2019,14506.5153944177
MSR,Montserrat,2018,14419.7190996916
MSR,Montserrat,2017,12697.7371071859
MAR,Morocco,2021,3853.28333173025
MAR,Morocco,2020,3307.48419842978
MAR,Morocco,2019,3551.09123596026
MAR,Morocco,2018,3544.39086724391
MAR,Morocco,2017,3336.52868235627
MOZ,Mozambique,2021,491.839112776531
MOZ,Mozambique,2020,454.06236434572
MOZ,Mozambique,2019,508.163403780945
MOZ,Mozambique,2018,504.535826036434
MOZ,Mozambique,2017,462.699970117243
MMR,Myanmar,2021,1088.92520628649
MMR,Myanmar,2020,1465.99336184148
MMR,Myanmar,2019,1400.36908686543
MMR,Myanmar,2018,1397.81280513694
MMR,Myanmar,2017,1304.48166911011
NAM,Namibia,2021,4836.17424146373
NAM,Namibia,2020,4243.56903295442
NAM,Namibia,2019,5126.59430490441
NAM,Namibia,2018,5687.38128892141
NAM,Namibia,2017,5450.33451308695
NRU,Nauru,2021,12390.3701149419
NRU,Nauru,2020,11015.0942890271
NRU,Nauru,2019,10976.5932705676
NRU,Nauru,2018,11590.3740547722
NRU,Nauru,2017,11020.6630905981
NPL,Nepal,2021,1205.50000220085
NPL,Nepal,2020,1119.60919847516
NPL,Nepal,2019,1188.52888748578
NPL,Nepal,2018,1113.13749761549
NPL,Nepal,2017,1044.69251471395
NLD,Netherlands,2021,57871.3492096268
NLD,Netherlands,2020,52183.3429241409
NLD,Netherlands,2019,52420.6999565304
NLD,Netherlands,2018,52877.543522086
NLD,Netherlands,2017,48460.5129601612
NCL,New Caledonia,2021,34994.2658344617
NCL,New Caledonia,2020,33011.6285479977
NCL,New Caledonia,2019,33204.3400659596
NCL,New Caledonia,2018,34738.8454629433
NCL,New Caledonia,2017,32263.3407146104
NZL,New Zealand,2021,48823.5077795339
NZL,New Zealand,2020,41930.0899441167
NZL,New Zealand,2019,43039.5458788917
NZL,New Zealand,2018,43805.3057967474
NZL,New Zealand,2017,43534.0893825611
NIC,Nicaragua,2021,2045.53428665041
NIC,Nicaragua,2020,1863.10743902026
NIC,Nicaragua,2019,1890.27307748933
NIC,Nicaragua,2018,1981.85637004034
NIC,Nicaragua,2017,2127.27795321988
NER,Niger,2021,590.629477265162
NER,Niger,2020,564.821997330959
NER,Niger,2019,550.963769111758
NER,Niger,2018,567.330899978758
NER,Niger,2017,514.543476632615
NGA,Nigeria,2021,2019.30806281872
NGA,Nigeria,2020,2063.57279687887
NGA,Nigeria,2019,2334.01950608378
NGA,Nigeria,2018,2125.82464066996
NGA,Nigeria,2017,1941.87393351647
NOR,Norway,2021,89241.7139378055
NOR,Norway,2020,67325.1222639302
NOR,Norway,2019,75714.330467121
NOR,Norway,2018,82261.5528792418
NOR,Norway,2017,75490.6884440251
OMN,Oman,2021,19509.4664864
OMN,Oman,2020,16707.6229960177
OMN,Oman,2019,19132.1711363082
OMN,Oman,2018,19887.5887267539
OMN,Oman,2017,17802.5483653264
PAK,Pakistan,2021,1480.11072689193
PAK,Pakistan,2020,1292.94194940427
PAK,Pakistan,2019,1307.33350097825
PAK,Pakistan,2018,1464.02259119018
PAK,Pakistan,2017,1558.08007685852
PLW,Palau,2021,12084.1282734132
PLW,Palau,2020,14013.7774872023
PLW,Palau,2019,15567.9769479795
PLW,Palau,2018,15947.329489476
PLW,Palau,2017,16012.9803778662
PAN,Panama,2021,14617.596617491
PAN,Panama,2020,12569.1801582807
PAN,Panama,2019,15826.0887690867
PAN,Panama,2018,15588.3395403163
PAN,Panama,2017,15185.978634606
PNG,Papua New Guinea,2021,2672.9671739215
PNG,Papua New Guinea,2020,2446.08469501972
PNG,Papua New Guinea,2019,2593.72959707987
PNG,Papua New Guinea,2018,2595.69774490178
PNG,Papua New Guinea,2017,2495.14047304173
PRY,Paraguay,2021,6035.14306386803
PRY,Paraguay,2020,5353.34804924304
PRY,Paraguay,2019,5807.83881265237
PRY,Paraguay,2018,6242.96148965908
PRY,Paraguay,2017,6136.0583543037
PER,Peru,2021,6621.65260383678
PER,Peru,2020,6056.27251190333
PER,Peru,2019,6955.88176963678
PER,Peru,2018,6912.10462268352
PER,Peru,2017,6676.3077877014
PHL,Philippines,2021,3460.53112301115
PHL,Philippines,2020,3224.42281104893
PHL,Philippines,2019,3413.84906720275
PHL,Philippines,2018,3194.67270414291
PHL,Philippines,2017,3077.43443153297
POL,Poland,2021,17736.4195570017
POL,Poland,2020,15598.9662324749
POL,Poland,2019,15484.6119244278
POL,Poland,2018,15284.4647273722
POL,Poland,2017,13615.4404345575
PRT,Portugal,2021,24651.1764348733
PRT,Portugal,2020,22240.0068401111
PRT,Portugal,2019,23322.5188020262
PRT,Portugal,2018,23548.7854351374
PRT,Portugal,2017,21475.3558533354
PRI,Puerto Rico,2021,32716.4569837852
PRI,Puerto Rico,2020,31489.6178097081
PRI,Puerto Rico,2019,31925.2983779887
PRI,Puerto Rico,2018,30415.7632297955
PRI,Puerto Rico,2017,30728.7470799737
QAT,Qatar,2021,66798.76705368
QAT,Qatar,2020,52315.6600783332
QAT,Qatar,2019,62827.3969543024
QAT,Qatar,2018,66264.0811662231
QAT,Qatar,2017,59407.6980462411
KOR,Republic of Korea,2021,34940.4112617515
KOR,Republic of Korea,2020,31716.1272536709
KOR,Republic of Korea,2019,31874.5275465139
KOR,Republic of Korea,2018,33375.7539426242
KOR,Republic of Korea,2017,31524.9426699331
MDA,Republic of Moldova,2021,4468.4212899075
MDA,Republic of Moldova,2020,3844.51175165834
MDA,Republic of Moldova,2019,3849.93718271912
MDA,Republic of Moldova,2018,3646.7337958951
MDA,Republic of Moldova,2017,3040.31551666666
MKD,Republic of North Macedonia,2021,6599.61934040765
MKD,Republic of North Macedonia,2020,5738.54821287603
MKD,Republic of North Macedonia,2019,5962.76593274071
MKD,Republic of North Macedonia,2018,6001.00404170363
MKD,Republic of North Macedonia,2017,5353.77538789741
ROU,Romania,2021,14697.7542889102
ROU,Romania,2020,12928.816109315
ROU,Romania,2019,12856.7447680737
ROU,Romania,2018,12409.7895366479
ROU,Romania,2017,10667.9907228749
RUS,Russian Federation,2021,12258.7720197789
RUS,Russian Federation,2020,10227.9164699323
RUS,Russian Federation,2019,11617.1844603778
RUS,Russian Federation,2018,11378.6659729545
RUS,Russian Federation,2017,10822.7702499791
RWA,Rwanda,2021,822.315748727688
RWA,Rwanda,2020,774.715911982669
RWA,Rwanda,2019,806.882745173684
RWA,Rwanda,2018,769.433407729979
RWA,Rwanda,2017,756.546024856866
KNA,Saint Kitts and Nevis,2021,18082.6879898426
KNA,Saint Kitts and Nevis,2020,18566.0178460649
KNA,Saint Kitts and Nevis,2019,23219.4090468738
KNA,Saint Kitts and Nevis,2018,22548.1506296397
KNA,Saint Kitts and Nevis,2017,22160.6036296839
LCA,Saint Lucia,2021,9824.06210230247
LCA,Saint Lucia,2020,9020.31429935825
LCA,Saint Lucia,2019,11864.4697008819
LCA,Saint Lucia,2018,11609.1356692184
LCA,Saint Lucia,2017,11270.8092003995
VCT,Saint Vincent and the Grenadines,2021,8440.0250943924
VCT,Saint Vincent and the Grenadines,2020,8335.24479445421
VCT,Saint Vincent and the Grenadines,2019,8674.35618302913
VCT,Saint Vincent and the Grenadines,2018,8399.70773102107
VCT,Saint Vincent and the Grenadines,2017,8030.56891603443
WSM,Samoa,2021,3918.65810408444
WSM,Samoa,2020,3857.77993453052
WSM,Samoa,2019,4306.42777032783
WSM,Samoa,2018,4263.52412290391
WSM,Samoa,2017,4246.46777830645
SMR,San Marino,2021,50425.1021435289
SMR,San Marino,2020,45423.406730147
SMR,San Marino,2019,47288.6552819194
SMR,San Marino,2018,48464.5246513584
SMR,San Marino,2017,44885.5178278531
STP,Sao Tome and Principe,2021,2485.81755237744
STP,Sao Tome and Principe,2020,2179.19863031659
STP,Sao Tome and Principe,2019,2006.68752439096
STP,Sao Tome and Principe,2018,1965.30694316312
STP,Sao Tome and Principe,2017,1819.87190184138
SAU,Saudi Arabia,2021,23185.8707917802
SAU,Saudi Arabia,2020,19539.558402735
SAU,Saudi Arabia,2019,22430.2382293995
SAU,Saudi Arabia,2018,23318.7381671395
SAU,Saudi Arabia,2017,20138.1463328444
SEN,Senegal,2021,1636.87982521049
SEN,Senegal,2020,1490.52524685791
SEN,Senegal,2019,1462.6783520711
SEN,Senegal,2018,1484.22822522431
SEN,Senegal,2017,1385.19966905818
SRB,Serbia,2021,8643.29239749049
SRB,Serbia,2020,7248.57082988557
SRB,Serbia,2019,6960.39090274565
SRB,Serbia,2018,6812.20111630336
SRB,Serbia,2017,5918.25659822097
SYC,Seychelles,2021,12084.6276388685
SYC,Seychelles,2020,11214.7397732516
SYC,Seychelles,2019,15761.67116354
SYC,Seychelles,2018,15400.3830520863
SYC,Seychelles,2017,15025.5443473946
SLE,Sierra Leone,2021,504.621238052416
SLE,Sierra Leone,2020,493.432252431847
SLE,Sierra Leone,2019,506.606891889649
SLE,Sierra Leone,2018,519.650012333423
SLE,Sierra Leone,2017,487.010034617112
SGP,Singapore,2021,66821.7161136585
SGP,Singapore,2020,58425.2385873166
SGP,Singapore,2019,64005.8433843438
SGP,Singapore,2018,64835.1710141322
SGP,Singapore,2017,59534.7233943529
SXM,Sint Maarten (Dutch part),2021,26198.6927663513
SXM,Sint Maarten (Dutch part),2020,25943.3753846457
SXM,Sint Maarten (Dutch part),2019,32010.4712858521
SXM,Sint Maarten (Dutch part),2018,30547.3368673032
SXM,Sint Maarten (Dutch part),2017,30784.0796728636
SVK,Slovakia,2021,21390.4527696121
SVK,Slovakia,2020,19553.4297543783
SVK,Slovakia,2019,19384.2735961376
SVK,Slovakia,2018,19486.4867027175
SVK,Slovakia,2017,17584.5989121592
SVN,Slovenia,2021,29134.8000315499
SVN,Slovenia,2020,25361.6170274774
SVN,Slovenia,2019,25714.2140035457
SVN,Slovenia,2018,25726.4186294677
SVN,Slovenia,2017,23155.3971055434
SLB,Solomon Islands,2021,2305.98114712729
SLB,Solomon Islands,2020,2222.45868993973
SLB,Solomon Islands,2019,2398.7663648822
SLB,Solomon Islands,2018,2450.47512401375
SLB,Solomon Islands,2017,2283.58112422186
SOM,Somalia,2021,446.997757293079
SOM,Somalia,2020,416.23238804213
SOM,Somalia,2019,405.778962638134
SOM,Somalia,2018,380.014124208048
SOM,Somalia,2017,377.34974436821
ZAF,South Africa,2021,7055.05517622779
ZAF,South Africa,2020,5741.64124873842
ZAF,South Africa,2019,6688.77474646309
ZAF,South Africa,2018,7044.78998278601
ZAF,South Africa,2017,6723.92858177378
SSD,South Sudan,2021,400.442902935503
SSD,South Sudan,2020,397.457502434713
SSD,South Sudan,2019,412.133229495015
SSD,South Sudan,2018,365.332527691194
SSD,South Sudan,2017,335.080620846682
ESP,Spain,2021,30058.3872447137
ESP,Spain,2020,26960.7273259992
ESP,Spain,2019,29583.6933227704
ESP,Spain,2018,30383.4289778294
ESP,Spain,2017,28190.8066666777
LKA,Sri Lanka,2021,3918.01916760614
LKA,Sri Lanka,2020,3728.73161002443
LKA,Sri Lanka,2019,3875.46712633126
LKA,Sri Lanka,2018,4076.00423875304
LKA,Sri Lanka,2017,4065.13589707342
,State of Palestine,2021,3513.62218198026
,State of Palestine,2020,3094.33336766678
,State of Palestine,2019,3489.67111527514
,State of Palestine,2018,3387.04418040236
,State of Palestine,2017,3430.79809238436
SDN,Sudan,2021,785.577295220761
SDN,Sudan,2020,771.499619843769
SDN,Sudan,2019,812.334885244188
SDN,Sudan,2018,1151.5364496395
SDN,Sudan,2017,3000.81725725019
SUR,Suriname,2021,5259.26297187575
SUR,Suriname,2020,6851.18542034751
SUR,Suriname,2019,7087.78759348317
SUR,Suriname,2018,6352.25822223341
SUR,Suriname,2017,5774.65484400859
SWE,Sweden,2021,60729.7134250084
SWE,Sweden,2020,52758.7819228581
SWE,Sweden,2019,51994.8952853804
SWE,Sweden,2018,54658.4415736568
SWE,Sweden,2017,53788.8774987445
CHE,Switzerland,2021,93525.3661913239
CHE,Switzerland,2020,87079.7251514925
CHE,Switzerland,2019,85325.7504553299
CHE,Switzerland,2018,86387.3396109094
CHE,Switzerland,2017,83353.5975674271
SYR,Syrian Arab Republic,2021,924.711783316654
SYR,Syrian Arab Republic,2020,1117.24731832398
SYR,Syrian Arab Republic,2019,1323.3348180768
SYR,Syrian Arab Republic,2018,1142.71047516134
SYR,Syrian Arab Republic,2017,889.402601460702
TJK,Tajikistan,2021,897.051476423965
TJK,Tajikistan,2020,852.330229589791
TJK,Tajikistan,2019,889.023371807526
TJK,Tajikistan,2018,850.666958178735
TJK,Tajikistan,2017,844.365249851831
THA,Thailand,2021,7066.67548675631
THA,Thailand,2020,6998.53737623762
THA,Thailand,2019,7630.03818933174
THA,Thailand,2018,7124.55886705163
THA,Thailand,2017,6436.78964911639
TLS,Timor-Leste,2021,1517.22388113937
TLS,Timor-Leste,2020,1463.20317770453
TLS,Timor-Leste,2019,1599.39937193367
TLS,Timor-Leste,2018,1255.20664027674
TLS,Timor-Leste,2017,1299.52076397463
TGO,Togo,2021,943.939354111967
TGO,Togo,2020,868.89563379453
TGO,Togo,2019,848.30453433336
TGO,Togo,2018,873.554886609008
TGO,Togo,2017,813.395007053387
TON,Tonga,2021,4450.53149261273
TON,Tonga,2020,4626.17805798934
TON,Tonga,2019,4839.53472553383
TON,Tonga,2018,4560.66192029133
TON,Tonga,2017,4376.26600906813
TTO,Trinidad and Tobago,2021,16032.5027682099
TTO,Trinidad and Tobago,2020,13871.7982194715
TTO,Trinidad and Tobago,2019,15691.1620671785
TTO,Trinidad and Tobago,2018,16164.2751115267
TTO,Trinidad and Tobago,2017,16094.6667815229
TUN,Tunisia,2021,3807.18456310206
TUN,Tunisia,2020,3497.73323057269
TUN,Tunisia,2019,3477.84427052074
TUN,Tunisia,2018,3577.1694604526
TUN,Tunisia,2017,3569.71883883673
TUR,Türkiye,2021,9661.22773420424
TUR,Türkiye,2020,8561.06433280619
TUR,Türkiye,2019,9103.01239655239
TUR,Türkiye,2018,9400.83633803764
TUR,Türkiye,2017,10464.0077882503
TKM,Turkmenistan,2021,8507.66760018503
TKM,Turkmenistan,2020,7381.05005715485
TKM,Turkmenistan,2019,7459.53321209011
TKM,Turkmenistan,2018,6962.97131379703
TKM,Turkmenistan,2017,6738.43977104016
TCA,Turks and Caicos Islands,2021,20908.5819922862
TCA,Turks and Caicos Islands,2020,20882.2612702141
TCA,Turks and Caicos Islands,2019,27795.1485608171
TCA,Turks and Caicos Islands,2018,26831.9714609396
TCA,Turks and Caicos Islands,2017,25659.1958638691
TUV,Tuvalu,2021,5370.41927052836
TUV,Tuvalu,2020,4675.3959693928
TUV,Tuvalu,2019,4942.8063065079
TUV,Tuvalu,2018,4421.72137452821
TUV,Tuvalu,2017,4183.20588579069
UGA,Uganda,2021,930.372362345049
UGA,Uganda,2020,857.136026413091
UGA,Uganda,2019,879.52414245184
UGA,Uganda,2018,820.794689425478
UGA,Uganda,2017,787.33228117402
UKR,Ukraine,2021,4596.34917496562
UKR,Ukraine,2020,3566.81646784227
UKR,Ukraine,2019,3480.64324137582
UKR,Ukraine,2018,2944.88316768618
UKR,Ukraine,2017,2510.01766224465
ARE,United Arab Emirates,2021,43295.3930816513
ARE,United Arab Emirates,2020,38463.1619974826
ARE,United Arab Emirates,2019,45292.1292568113
ARE,United Arab Emirates,2018,46193.3519593592
ARE,United Arab Emirates,2017,42522.3776170301
GBR,United Kingdom of Great Britain and Northern Ireland,2021,46541.7569268803
GBR,United Kingdom of Great Britain and Northern Ireland,2020,40331.4997682229
GBR,United Kingdom of Great Britain and Northern Ireland,2019,42783.9955269695
GBR,United Kingdom of Great Britain and Northern Ireland,2018,43324.137861978
GBR,United Kingdom of Great Britain and Northern Ireland,2017,40617.679070323
TZA,United Republic of Tanzania: Mainland,2021,1136.19039516936
TZA,United Republic of Tanzania: Mainland,2020,1097.60145083149
TZA,United Republic of Tanzania: Mainland,2019,1047.72337554183
TZA,United Republic of Tanzania: Mainland,2018,1008.72613182327
TZA,United Republic of Tanzania: Mainland,2017,973.383479721977
,United Republic of Tanzania: Zanzibar,2021,1211.20191743191
,United Republic of Tanzania: Zanzibar,2020,1097.52818769449
,United Republic of Tanzania: Zanzibar,2019,1111.84126693668
,United Republic of Tanzania: Zanzibar,2018,1043.77783443987
,United Republic of Tanzania: Zanzibar,2017,945.604784273685
USA,United States,2021,69184.7044001711
USA,United States,2020,62690.8032098624
USA,United States,2019,63953.6882052029
USA,United States,2018,61820.4844723372
USA,United States,2017,59059.5964026709
URY,Uruguay,2021,17312.6417779094
URY,Uruguay,2020,15619.5457536907
URY,Uruguay,2019,17859.9441605309
URY,Uruguay,2018,18825.3093364125
URY,Uruguay,2017,18769.7875234604
UZB,Uzbekistan,2021,2031.57157919417
UZB,Uzbekistan,2020,1786.46821052983
UZB,Uzbekistan,2019,1816.65307618727
UZB,Uzbekistan,2018,1621.99788279912
UZB,Uzbekistan,2017,1943.3400339089
VUT,Vanuatu,2021,3072.57222064296
VUT,Vanuatu,2020,2917.75684908933
VUT,Vanuatu,2019,3089.49278575804
VUT,Vanuatu,2018,3076.71474132293
VUT,Vanuatu,2017,3032.14589196107
VEN,Venezuela (Bolivarian Republic of),2021,3965.03432809561
VEN,Venezuela (Bolivarian Republic of),2020,3738.05158902419
VEN,Venezuela (Bolivarian Republic of),2019,5183.17898750402
VEN,Venezuela (Bolivarian Republic of),2018,6842.32822530555
VEN,Venezuela (Bolivarian Republic of),2017,8112.05337394037
VNM,Viet Nam,2021,3756.48890091386
VNM,Viet Nam,2020,3586.34717579247
VNM,Viet Nam,2019,3491.09140862154
VNM,Viet Nam,2018,3267.22506989236
VNM,Viet Nam,2017,2992.07153389189
YEM,Yemen,2021,301.586433409629
YEM,Yemen,2020,291.679074288201
YEM,Yemen,2019,411.460367551761
YEM,Yemen,2018,866.227188180114
YEM,Yemen,2017,612.353053566782
ZMB,Zambia,2021,1094.50161325854
ZMB,Zambia,2020,956.831747348037
ZMB,Zambia,2019,1268.213128397
ZMB,Zambia,2018,1475.22665313712
ZMB,Zambia,2017,1495.43766522084
ZWE,Zimbabwe,2021,1507.99478989121
ZWE,Zimbabwe,2020,1382.59142626269
ZWE,Zimbabwe,2019,1471.5139829685
ZWE,Zimbabwe,2018,1570.88602883143
ZWE,Zimbabwe,2017,1494.17014357098
