ref_area,time_period,population
AUT,1950,6935100.0
AUT,1951,6935451.0
AUT,1952,6927772.0
AUT,1953,6932483.0
AUT,1954,6940209.0
AUT,1955,6946885.0
AUT,1956,6952359.0
AUT,1957,6965860.0
AUT,1958,6987358.0
AUT,1959,7014331.0
AUT,1960,7047539.0
AUT,1961,7086299.0
AUT,1962,7129864.0
AUT,1963,7175811.0
AUT,1964,7223801.0
AUT,1965,7270889.0
AUT,1966,7322066.0
AUT,1967,7376998.0
AUT,1968,7415403.0
AUT,1969,7441055.0
AUT,1970,7467086.0
AUT,1971,7500482.0
AUT,1972,7544201.0
AUT,1973,7586115.0
AUT,1974,7599038.0
AUT,1975,7578903.0
AUT,1976,7565525.0
AUT,1977,7568430.0
AUT,1978,7562305.0
AUT,1979,7549425.0
AUT,1980,7549433.0
AUT,1981,7568710.0
AUT,1982,7574140.0
AUT,1983,7561910.0
AUT,1984,7561434.0
AUT,1985,7564984.0
AUT,1986,7569794.0
AUT,1987,7574586.0
AUT,1988,7585317.0
AUT,1989,7619566.0
AUT,1990,7677850.0
AUT,1991,7754891.0
AUT,1992,7840709.0
AUT,1993,7905632.0
AUT,1994,7936118.0
AUT,1995,7948278.0
AUT,1996,7959016.0
AUT,1997,7968041.0
AUT,1998,7976789.0
AUT,1999,7992323.0
AUT,2000,8011566.0
AUT,2001,8042293.0
AUT,2002,8082121.0
AUT,2003,8118245.0
AUT,2004,8169441.0
AUT,2005,8225278.0
AUT,2006,8267948.0
AUT,2007,8295189.0
AUT,2008,8321541.0
AUT,2009,8341483.0
AUT,2010,8361069.0
AUT,2011,8388534.0
AUT,2012,8426311.0
AUT,2013,8477230.0
AUT,2014,8543932.0
AUT,2015,8629519.0
AUT,2016,8739806.0
AUT,2017,8795073.0
AUT,2018,8837707.0
AUT,2019,8877637.0
AUT,2020,8916845.0
AUT,2021,8951520.0
CAN,1950,14018606.0
CAN,1951,14318204.0
CAN,1952,14776291.0
CAN,1953,15169815.0
CAN,1954,15620550.0
CAN,1955,16040090.0
CAN,1956,16431419.0
CAN,1957,16970940.0
CAN,1958,17450075.0
CAN,1959,17861347.0
CAN,1960,18256447.0
CAN,1961,18634666.0
CAN,1962,18989309.0
CAN,1963,19347231.0
CAN,1964,19719595.0
CAN,1965,20084314.0
CAN,1966,20420867.0
CAN,1967,20795138.0
CAN,1968,21129417.0
CAN,1969,21439830.0
CAN,1970,21746497.0
CAN,1971,21962032.0
CAN,1972,22218463.0
CAN,1973,22491777.0
CAN,1974,22807969.0
CAN,1975,23143275.0
CAN,1976,23449808.0
CAN,1977,23725843.0
CAN,1978,23963203.0
CAN,1979,24201544.0
CAN,1980,24515667.0
CAN,1981,24819915.0
CAN,1982,25116942.0
CAN,1983,25366451.0
CAN,1984,25607053.0
CAN,1985,25842116.0
CAN,1986,26100278.0
CAN,1987,26446601.0
CAN,1988,26791747.0
CAN,1989,27276781.0
CAN,1990,27691138.0
CAN,1991,28037420.0
CAN,1992,28371264.0
CAN,1993,28684764.0
CAN,1994,29000663.0
CAN,1995,29302311.0
CAN,1996,29610218.0
CAN,1997,29905948.0
CAN,1998,30155173.0
CAN,1999,30401286.0
CAN,2000,30685730.0
CAN,2001,31020902.0
CAN,2002,31360079.0
CAN,2003,31644028.0
CAN,2004,31940655.0
CAN,2005,32243753.0
CAN,2006,32571174.0
CAN,2007,32889025.0
CAN,2008,33247118.0
CAN,2009,33628895.0
CAN,2010,34004889.0
CAN,2011,34339328.0
CAN,2012,34714222.0
CAN,2013,35082954.0
CAN,2014,35437435.0
CAN,2015,35702908.0
CAN,2016,36109487.0
CAN,2017,36545236.0
CAN,2018,37065084.0
CAN,2019,37601230.0
CAN,2020,38037204.0
CAN,2021,38246108.0
JPN,1950,84109139.0
JPN,1951,85475000.0
JPN,1952,86765900.0
JPN,1953,87955300.0
JPN,1954,89026700.0
JPN,1955,90076594.0
JPN,1956,90992000.0
JPN,1957,91763000.0
JPN,1958,92621000.0
JPN,1959,93514000.0
JPN,1960,94301623.0
JPN,1961,95181000.0
JPN,1962,96087000.0
JPN,1963,97075000.0
JPN,1964,98110000.0
JPN,1965,99209137.0
JPN,1966,99978000.0
JPN,1967,101145000.0
JPN,1968,102287000.0
JPN,1969,103491000.0
JPN,1970,104665171.0
JPN,1971,106100000.0
JPN,1972,107595000.0
JPN,1973,109104000.0
JPN,1974,110573000.0
JPN,1975,111939643.0
JPN,1976,113094000.0
JPN,1977,114165000.0
JPN,1978,115190000.0
JPN,1979,116155000.0
JPN,1980,117060396.0
JPN,1981,117902000.0
JPN,1982,118728000.0
JPN,1983,119536000.0
JPN,1984,120305000.0
JPN,1985,121048923.0
JPN,1986,121660000.0
JPN,1987,122239000.0
JPN,1988,122745000.0
JPN,1989,123205000.0
JPN,1990,123611167.0
JPN,1991,124101000.0
JPN,1992,124567000.0
JPN,1993,124938000.0
JPN,1994,125265000.0
JPN,1995,125570246.0
JPN,1996,125864000.0
JPN,1997,126166000.0
JPN,1998,126486000.0
JPN,1999,126686000.0
JPN,2000,126925843.0
JPN,2001,127291000.0
JPN,2002,127435000.0
JPN,2003,127619000.0
JPN,2004,127687000.0
JPN,2005,127767994.0
JPN,2006,127900515.0
JPN,2007,128032743.0
JPN,2008,128083960.0
JPN,2009,128031514.0
JPN,2010,128057352.0
JPN,2011,127834233.0
JPN,2012,127592657.0
JPN,2013,127413888.0
JPN,2014,127237150.0
JPN,2015,127094745.0
JPN,2016,126932772.0
JPN,2017,126706210.0
JPN,2018,126443180.0
JPN,2019,126166948.0
JPN,2020,126146099.0
JPN,2021,125502290.0
SVK,1950,3463446.0
SVK,1951,3508698.0
SVK,1952,3558137.0
SVK,1953,3598761.0
SVK,1954,3661437.0
SVK,1955,3726601.0
SVK,1956,3787111.0
SVK,1957,3844277.0
SVK,1958,3899751.0
SVK,1959,3946039.0
SVK,1960,3994270.0
SVK,1961,4191977.0
SVK,1962,4238056.0
SVK,1963,4282865.0
SVK,1964,4327949.0
SVK,1965,4373595.0
SVK,1966,4413853.0
SVK,1967,4450880.0
SVK,1968,4483656.0
SVK,1969,4518773.0
SVK,1970,4528459.0
SVK,1971,4559341.0
SVK,1972,4596330.0
SVK,1973,4640673.0
SVK,1974,4691014.0
SVK,1975,4739301.0
SVK,1976,4789452.0
SVK,1977,4840819.0
SVK,1978,4891673.0
SVK,1979,4940223.0
SVK,1980,4984331.0
SVK,1981,5017032.0
SVK,1982,5054770.0
SVK,1983,5091537.0
SVK,1984,5127719.0
SVK,1985,5161789.0
SVK,1986,5192789.0
SVK,1987,5223609.0
SVK,1988,5251120.0
SVK,1989,5276186.0
SVK,1990,5297774.0
SVK,1991,5283404.0
SVK,1992,5306539.0
SVK,1993,5324632.0
SVK,1994,5347413.0
SVK,1995,5363676.0
SVK,1996,5373793.0
SVK,1997,5383233.0
SVK,1998,5390866.0
SVK,1999,5395324.0
SVK,2000,5400679.0
SVK,2001,5379780.0
SVK,2002,5378809.0
SVK,2003,5378950.0
SVK,2004,5382574.0
SVK,2005,5387285.0
SVK,2006,5391184.0
SVK,2007,5397766.0
SVK,2008,5406972.0
SVK,2009,5418374.0
SVK,2010,5431024.0
SVK,2011,5398384.0
SVK,2012,5407579.0
SVK,2013,5413392.5
SVK,2014,5418649.0
SVK,2015,5423800.5
SVK,2016,5430797.5
SVK,2017,5439231.5
SVK,2018,5446770.5
SVK,2019,5454147.0
SVK,2020,5458827.0
SVK,2021,5441991.0
CHE,1950,4692704.0
CHE,1951,4748057.0
CHE,1952,4811514.0
CHE,1953,4875565.0
CHE,1954,4938609.0
CHE,1955,5001962.0
CHE,1956,5065497.0
CHE,1957,5130046.0
CHE,1958,5196395.0
CHE,1959,5262793.0
CHE,1960,5327872.0
CHE,1961,5434294.0
CHE,1962,5573815.0
CHE,1963,5694247.0
CHE,1964,5789228.0
CHE,1965,5856472.0
CHE,1966,5918002.0
CHE,1967,5991785.0
CHE,1968,6067714.0
CHE,1969,6136387.0
CHE,1970,6180882.0
CHE,1971,6213405.0
CHE,1972,6260956.0
CHE,1973,6307348.0
CHE,1974,6341406.0
CHE,1975,6338632.0
CHE,1976,6302505.0
CHE,1977,6281175.0
CHE,1978,6281737.0
CHE,1979,6294364.0
CHE,1980,6319409.0
CHE,1981,6354073.0
CHE,1982,6391309.0
CHE,1983,6418774.0
CHE,1984,6441865.0
CHE,1985,6470366.0
CHE,1986,6504125.0
CHE,1987,6545107.0
CHE,1988,6593387.0
CHE,1989,6646912.0
CHE,1990,6712273.0
CHE,1991,6799979.0
CHE,1992,6875364.0
CHE,1993,6938265.0
CHE,1994,6993795.0
CHE,1995,7040687.0
CHE,1996,7071851.0
CHE,1997,7088906.0
CHE,1998,7110002.0
CHE,1999,7143991.0
CHE,2000,7184250.0
CHE,2001,7226647.0
CHE,2002,7284754.0
CHE,2003,7339002.0
CHE,2004,7389626.0
CHE,2005,7437116.0
CHE,2006,7483935.0
CHE,2007,7551117.0
CHE,2008,7647676.0
CHE,2009,7743832.0
CHE,2010,7824910.0
CHE,2011,7912396.0
CHE,2012,7996861.0
CHE,2013,8089346.0
CHE,2014,8188646.0
CHE,2015,8282398.0
CHE,2016,8373334.0
CHE,2017,8451834.0
CHE,2018,8514327.0
CHE,2019,8575280.0
CHE,2020,8638169.0
CHE,2021,8704542.0
CYP,1950,493956.0
CYP,1951,501275.0
CYP,1952,508970.0
CYP,1953,517020.0
CYP,1954,525402.0
CYP,1955,534125.0
CYP,1956,543251.0
CYP,1957,552886.0
CYP,1958,563153.0
CYP,1959,574160.0
CYP,1960,585725.0
CYP,1961,594775.0
CYP,1962,601094.0
CYP,1963,607073.0
CYP,1964,612339.0
CYP,1965,617344.0
CYP,1966,622569.0
CYP,1967,627695.0
CYP,1968,632454.0
CYP,1969,636820.0
CYP,1970,640802.0
CYP,1971,644417.0
CYP,1972,647621.0
CYP,1973,650706.0
CYP,1974,648586.0
CYP,1975,644984.0
CYP,1976,648869.0
CYP,1977,656417.0
CYP,1978,663975.0
CYP,1979,671610.0
CYP,1980,679330.0
CYP,1981,687174.0
CYP,1982,523734.0
CYP,1983,528071.0
CYP,1984,534958.0
CYP,1985,541502.0
CYP,1986,547747.0
CYP,1987,553736.0
CYP,1988,559639.0
CYP,1989,567674.0
CYP,1990,579898.0
CYP,1991,595105.0
CYP,1992,611151.0
CYP,1993,626087.0
CYP,1994,639170.0
CYP,1995,650860.0
CYP,1996,661326.0
CYP,1997,670764.0
CYP,1998,679042.0
CYP,1999,686675.0
CYP,2000,694020.0
CYP,2001,701537.0
CYP,2002,709631.0
CYP,2003,718305.0
CYP,2004,727977.0
CYP,2005,738541.0
CYP,2006,750964.0
CYP,2007,767128.0
CYP,2008,786630.0
CYP,2009,808038.0
CYP,2010,829444.0
CYP,2011,850882.0
CYP,2012,863945.0
CYP,2013,861938.0
CYP,2014,852511.0
CYP,2015,847662.0
CYP,2016,851559.0
CYP,2017,859520.0
CYP,2018,870071.0
CYP,2019,881949.0
CYP,2020,892006.0
CYP,2021,899939.0
CZE,1950,8925122.0
CZE,1951,9023170.0
CZE,1952,9125183.0
CZE,1953,9220908.0
CZE,1954,9290617.0
CZE,1955,9365969.0
CZE,1956,9442040.0
CZE,1957,9513758.0
CZE,1958,9574650.0
CZE,1959,9618554.0
CZE,1960,9659818.0
CZE,1961,9588016.0
CZE,1962,9621808.0
CZE,1963,9668741.0
CZE,1964,9730019.0
CZE,1965,9785102.0
CZE,1966,9826188.0
CZE,1967,9854241.0
CZE,1968,9877632.0
CZE,1969,9896695.0
CZE,1970,9805157.0
CZE,1971,9830602.0
CZE,1972,9868379.0
CZE,1973,9919519.0
CZE,1974,9994761.0
CZE,1975,10062366.0
CZE,1976,10128220.0
CZE,1977,10189312.0
CZE,1978,10245686.0
CZE,1979,10296489.0
CZE,1980,10326792.0
CZE,1981,10303208.0
CZE,1982,10314321.0
CZE,1983,10322823.0
CZE,1984,10330481.0
CZE,1985,10336742.0
CZE,1986,10340737.0
CZE,1987,10348834.0
CZE,1988,10356359.0
CZE,1989,10362257.0
CZE,1990,10362740.0
CZE,1991,10308682.0
CZE,1992,10317807.0
CZE,1993,10330607.0
CZE,1994,10336162.0
CZE,1995,10330759.0
CZE,1996,10315353.0
CZE,1997,10303642.0
CZE,1998,10294943.0
CZE,1999,10282784.0
CZE,2000,10272503.0
CZE,2001,10224192.0
CZE,2002,10200774.0
CZE,2003,10201651.0
CZE,2004,10206923.0
CZE,2005,10234092.0
CZE,2006,10266646.0
CZE,2007,10322689.0
CZE,2008,10429692.0
CZE,2009,10491492.0
CZE,2010,10517247.0
CZE,2011,10496672.0
CZE,2012,10509286.0
CZE,2013,10510719.0
CZE,2014,10524783.0
CZE,2015,10542942.0
CZE,2016,10565284.0
CZE,2017,10589526.0
CZE,2018,10626430.0
CZE,2019,10669324.0
CZE,2020,10700155.0
CZE,2021,10500850.0
IRL,1950,2969000.0
IRL,1951,2960600.0
IRL,1952,2952900.0
IRL,1953,2949000.0
IRL,1954,2941200.0
IRL,1955,2920900.0
IRL,1956,2898500.0
IRL,1957,2885300.0
IRL,1958,2852700.0
IRL,1959,2845600.0
IRL,1960,2832100.0
IRL,1961,2818300.0
IRL,1962,2830100.0
IRL,1963,2850000.0
IRL,1964,2863800.0
IRL,1965,2875800.0
IRL,1966,2884000.0
IRL,1967,2899700.0
IRL,1968,2912200.0
IRL,1969,2925200.0
IRL,1970,2949900.0
IRL,1971,2978200.0
IRL,1972,3024400.0
IRL,1973,3073000.0
IRL,1974,3123900.0
IRL,1975,3177200.0
IRL,1976,3227800.0
IRL,1977,3271900.0
IRL,1978,3314000.0
IRL,1979,3368200.0
IRL,1980,3401000.0
IRL,1981,3443400.0
IRL,1982,3480000.0
IRL,1983,3504000.0
IRL,1984,3529000.0
IRL,1985,3540000.0
IRL,1986,3540600.0
IRL,1987,3546500.0
IRL,1988,3530700.0
IRL,1989,3509500.0
IRL,1990,3505800.0
IRL,1991,3525700.0
IRL,1992,3554500.0
IRL,1993,3574100.0
IRL,1994,3585900.0
IRL,1995,3601300.0
IRL,1996,3626087.0
IRL,1997,3664313.0
IRL,1998,3703082.0
IRL,1999,3741647.0
IRL,2000,3789536.0
IRL,2001,3847198.0
IRL,2002,3917203.0
IRL,2003,3979853.0
IRL,2004,4045188.0
IRL,2005,4133839.0
IRL,2006,4232929.0
IRL,2007,4375842.0
IRL,2008,4485070.0
IRL,2009,4533395.0
IRL,2010,4554763.0
IRL,2011,4574888.0
IRL,2012,4593697.0
IRL,2013,4614669.0
IRL,2014,4645440.0
IRL,2015,4687787.0
IRL,2016,4739597.0
IRL,2017,4792490.0
IRL,2018,4857015.0
IRL,2019,4921496.0
IRL,2020,4977443.0
IRL,2021,5011460.0
GBR,1950,50373389.0
GBR,1951,50282336.0
GBR,1952,50443878.0
GBR,1953,50610712.0
GBR,1954,50784636.0
GBR,1955,50968092.0
GBR,1956,51208178.0
GBR,1957,51455520.0
GBR,1958,51680292.0
GBR,1959,51985360.0
GBR,1960,52448523.0
GBR,1961,52708934.0
GBR,1962,53341128.0
GBR,1963,53678200.0
GBR,1964,54065700.0
GBR,1965,54435700.0
GBR,1966,54654100.0
GBR,1967,54978400.0
GBR,1968,55282500.0
GBR,1969,55534000.0
GBR,1970,55710700.0
GBR,1971,55928013.0
GBR,1972,56096677.0
GBR,1973,56222893.0
GBR,1974,56235642.0
GBR,1975,56225718.0
GBR,1976,56216121.0
GBR,1977,56189910.0
GBR,1978,56178025.0
GBR,1979,56240053.0
GBR,1980,56329673.0
GBR,1981,56357464.0
GBR,1982,56290711.0
GBR,1983,56315677.0
GBR,1984,56409327.0
GBR,1985,56553955.0
GBR,1986,56683835.0
GBR,1987,56803958.0
GBR,1988,56916448.0
GBR,1989,57076451.0
GBR,1990,57237493.0
GBR,1991,57438658.0
GBR,1992,57584530.0
GBR,1993,57713889.0
GBR,1994,57862145.0
GBR,1995,58024799.0
GBR,1996,58164374.0
GBR,1997,58314249.0
GBR,1998,58474943.0
GBR,1999,58684427.0
GBR,2000,58886065.0
GBR,2001,59113016.0
GBR,2002,59365677.0
GBR,2003,59636662.0
GBR,2004,59950364.0
GBR,2005,60413276.0
GBR,2006,60827067.0
GBR,2007,61319075.0
GBR,2008,61823772.0
GBR,2009,62260486.0
GBR,2010,62759456.0
GBR,2011,63285145.0
GBR,2012,63705030.0
GBR,2013,64105654.0
GBR,2014,64596752.0
GBR,2015,65110034.0
GBR,2016,65648054.0
GBR,2017,66040229.0
GBR,2018,66435550.0
GBR,2019,66796807.0
GBR,2020,67081234.0
GBR,2021,67350695.0
FIN,1950,4008902.0
FIN,1951,4047264.0
FIN,1952,4090476.0
FIN,1953,4139418.0
FIN,1954,4186901.0
FIN,1955,4234881.0
FIN,1956,4281703.0
FIN,1957,4324012.0
FIN,1958,4359753.0
FIN,1959,4394680.0
FIN,1960,4429633.0
FIN,1961,4461007.0
FIN,1962,4491442.0
FIN,1963,4523307.0
FIN,1964,4548545.0
FIN,1965,4563732.0
FIN,1966,4580868.0
FIN,1967,4605743.0
FIN,1968,4626471.0
FIN,1969,4623785.0
FIN,1970,4606304.0
FIN,1971,4612124.0
FIN,1972,4639656.0
FIN,1973,4666079.0
FIN,1974,4690575.0
FIN,1975,4711440.0
FIN,1976,4725665.0
FIN,1977,4738900.0
FIN,1978,4752527.0
FIN,1979,4764691.0
FIN,1980,4779537.0
FIN,1981,4799962.0
FIN,1982,4826931.0
FIN,1983,4855786.0
FIN,1984,4881806.0
FIN,1985,4902202.0
FIN,1986,4918150.0
FIN,1987,4932123.0
FIN,1988,4946487.0
FIN,1989,4964370.0
FIN,1990,4986433.0
FIN,1991,5013737.0
FIN,1992,5041990.0
FIN,1993,5066452.0
FIN,1994,5088324.0
FIN,1995,5107787.0
FIN,1996,5124573.0
FIN,1997,5139839.0
FIN,1998,5153499.0
FIN,1999,5165470.0
FIN,2000,5176203.0
FIN,2001,5188005.0
FIN,2002,5200598.0
FIN,2003,5213010.0
FIN,2004,5228173.0
FIN,2005,5246100.0
FIN,2006,5266266.0
FIN,2007,5288719.0
FIN,2008,5313398.0
FIN,2009,5338867.0
FIN,2010,5363341.0
FIN,2011,5388272.0
FIN,2012,5413967.0
FIN,2013,5438975.0
FIN,2014,5461507.0
FIN,2015,5479528.0
FIN,2016,5495297.0
FIN,2017,5508209.0
FIN,2018,5515525.0
FIN,2019,5521605.0
FIN,2020,5529545.0
FIN,2021,5541020.0
GRC,1950,7554102.0
GRC,1951,7632801.0
GRC,1952,7743746.0
GRC,1953,7836110.0
GRC,1954,7893412.0
GRC,1955,7965538.0
GRC,1956,8031013.0
GRC,1957,8096218.0
GRC,1958,8173129.0
GRC,1959,8258162.0
GRC,1960,8327405.0
GRC,1961,8398050.0
GRC,1962,8448233.0
GRC,1963,8479625.0
GRC,1964,8510429.0
GRC,1965,8550333.0
GRC,1966,8613651.0
GRC,1967,8716441.0
GRC,1968,8740765.0
GRC,1969,8772764.0
GRC,1970,8792806.0
GRC,1971,8831036.0
GRC,1972,8888628.0
GRC,1973,8929086.0
GRC,1974,8962023.0
GRC,1975,9046542.0
GRC,1976,9167190.0
GRC,1977,9308479.0
GRC,1978,9429959.0
GRC,1979,9548258.0
GRC,1980,9642505.0
GRC,1981,9729350.0
GRC,1982,9789513.0
GRC,1983,9846627.0
GRC,1984,9895801.0
GRC,1985,9934294.0
GRC,1986,9967264.0
GRC,1987,10000644.0
GRC,1988,10037037.0
GRC,1989,10089550.0
GRC,1990,10196801.0
GRC,1991,10319928.0
GRC,1992,10399058.0
GRC,1993,10460409.0
GRC,1994,10512924.0
GRC,1995,10562160.0
GRC,1996,10608801.0
GRC,1997,10661264.0
GRC,1998,10720507.0
GRC,1999,10761698.0
GRC,2000,10805806.0
GRC,2001,10862129.0
GRC,2002,10902022.0
GRC,2003,10928072.0
GRC,2004,10955142.0
GRC,2005,10987316.0
GRC,2006,11020366.0
GRC,2007,11048466.0
GRC,2008,11077839.0
GRC,2009,11107017.0
GRC,2010,11121344.0
GRC,2011,11104900.0
GRC,2012,11045010.0
GRC,2013,10965209.0
GRC,2014,10892415.0
GRC,2015,10820883.0
GRC,2016,10775966.0
GRC,2017,10754679.0
GRC,2018,10732877.0
GRC,2019,10721584.0
GRC,2020,10698597.0
GRC,2021,10656962.0
ESP,1950,28069695.0
ESP,1951,28207080.0
ESP,1952,28404771.0
ESP,1953,28633541.0
ESP,1954,28862380.0
ESP,1955,29095373.0
ESP,1956,29329776.0
ESP,1957,29577443.0
ESP,1958,29857438.0
ESP,1959,30150512.0
ESP,1960,30415589.0
ESP,1961,30711863.0
ESP,1962,31023366.0
ESP,1963,31296651.0
ESP,1964,31609195.0
ESP,1965,31954292.0
ESP,1966,32283194.0
ESP,1967,32682947.0
ESP,1968,33113135.0
ESP,1969,33441054.0
ESP,1970,33752818.0
ESP,1971,34216274.0
ESP,1972,34571714.0
ESP,1973,34921497.0
ESP,1974,35287558.0
ESP,1975,35687714.0
ESP,1976,36118035.0
ESP,1977,36563834.0
ESP,1978,36971471.0
ESP,1979,37289006.0
ESP,1980,37526911.0
ESP,1981,37764458.0
ESP,1982,37987108.0
ESP,1983,38160263.0
ESP,1984,38325244.0
ESP,1985,38467025.0
ESP,1986,38571941.0
ESP,1987,38682322.0
ESP,1988,38764307.0
ESP,1989,38821377.0
ESP,1990,38860827.0
ESP,1991,38941622.0
ESP,1992,39147940.0
ESP,1993,39356082.0
ESP,1994,39547353.0
ESP,1995,39718895.0
ESP,1996,39884246.0
ESP,1997,40049974.0
ESP,1998,40214066.0
ESP,1999,40369667.0
ESP,2000,40554387.0
ESP,2001,40766049.0
ESP,2002,41423520.0
ESP,2003,42196231.0
ESP,2004,42859172.0
ESP,2005,43662613.0
ESP,2006,44360521.0
ESP,2007,45236004.0
ESP,2008,45983169.0
ESP,2009,46367550.0
ESP,2010,46562483.0
ESP,2011,46736257.0
ESP,2012,46766403.0
ESP,2013,46593236.0
ESP,2014,46455123.0
ESP,2015,46410149.0
ESP,2016,46449874.0
ESP,2017,46532869.0
ESP,2018,46728814.0
ESP,2019,47105358.0
ESP,2020,47355685.0
ESP,2021,47331545.0
ISR,1950,1103000.0
ISR,1951,1324000.0
ISR,1952,1429800.0
ISR,1953,1467700.0
ISR,1954,1500600.0
ISR,1955,1555300.0
ISR,1956,1626300.0
ISR,1957,1721200.0
ISR,1958,1782700.0
ISR,1959,1836200.0
ISR,1960,2150400.0
ISR,1961,2234200.0
ISR,1962,2331800.0
ISR,1963,2430100.0
ISR,1964,2525600.0
ISR,1965,2598400.0
ISR,1966,2657400.0
ISR,1967,2708000.0
ISR,1968,2806700.0
ISR,1969,2879100.0
ISR,1970,2958200.0
ISR,1971,3045600.0
ISR,1972,3225000.0
ISR,1973,3277900.0
ISR,1974,3377200.0
ISR,1975,3455300.0
ISR,1976,3533100.0
ISR,1977,3613000.0
ISR,1978,3692600.0
ISR,1979,3786400.0
ISR,1980,3877700.0
ISR,1981,3949800.0
ISR,1982,4020700.0
ISR,1983,4106100.0
ISR,1984,4159100.0
ISR,1985,4233000.0
ISR,1986,4298800.0
ISR,1987,4368900.0
ISR,1988,4441700.0
ISR,1989,4518200.0
ISR,1990,4660200.0
ISR,1991,4949100.0
ISR,1992,5123500.0
ISR,1993,5261400.0
ISR,1994,5399300.0
ISR,1995,5544900.0
ISR,1996,5685100.0
ISR,1997,5828900.0
ISR,1998,5970700.0
ISR,1999,6125300.0
ISR,2000,6289200.0
ISR,2001,6439037.0
ISR,2002,6569957.0
ISR,2003,6689748.0
ISR,2004,6808969.0
ISR,2005,6930128.0
ISR,2006,7053707.0
ISR,2007,7180160.0
ISR,2008,7331353.0
ISR,2009,7485565.0
ISR,2010,7623561.0
ISR,2011,7765832.0
ISR,2012,7910525.0
ISR,2013,8059456.0
ISR,2014,8215668.0
ISR,2015,8380149.0
ISR,2016,8546009.0
ISR,2017,8713268.0
ISR,2018,8882764.0
ISR,2019,9054026.0
ISR,2020,9215113.0
ISR,2021,9371400.0
MEX,1950,27026573.0
MEX,1951,27780135.0
MEX,1952,28578641.0
MEX,1953,29418995.0
MEX,1954,30311877.0
MEX,1955,31272636.0
MEX,1956,32281478.0
MEX,1957,33337148.0
MEX,1958,34439604.0
MEX,1959,35591229.0
MEX,1960,36786543.0
MEX,1961,38025871.0
MEX,1962,39306372.0
MEX,1963,40619346.0
MEX,1964,41970377.0
MEX,1965,43359231.0
MEX,1966,44779078.0
MEX,1967,46234469.0
MEX,1968,47720198.0
MEX,1969,49236362.0
MEX,1970,50778729.0
MEX,1971,52354238.0
MEX,1972,53973953.0
MEX,1973,55619995.0
MEX,1974,57293865.0
MEX,1975,58993234.0
MEX,1976,60702805.0
MEX,1977,62414539.0
MEX,1978,64131336.0
MEX,1979,65849531.0
MEX,1980,67561216.0
MEX,1981,69267849.0
MEX,1982,70973052.0
MEX,1983,72671675.0
MEX,1984,74359027.0
MEX,1985,76030535.0
MEX,1986,77689757.0
MEX,1987,79339498.0
MEX,1988,80970606.0
MEX,1989,82579032.0
MEX,1990,84169571.0
MEX,1991,85748742.0
MEX,1992,87312337.0
MEX,1993,88850856.0
MEX,1994,90362709.0
MEX,1995,91843905.0
MEX,1996,93294783.0
MEX,1997,94720541.0
MEX,1998,96116960.0
MEX,1999,97482584.0
MEX,2000,98785275.0
MEX,2001,100105299.0
MEX,2002,101493987.0
MEX,2003,102890474.0
MEX,2004,104272444.0
MEX,2005,105669369.0
MEX,2006,107155391.0
MEX,2007,108744845.0
MEX,2008,110405454.0
MEX,2009,112095388.0
MEX,2010,113748671.0
MEX,2011,115367452.0
MEX,2012,116935670.0
MEX,2013,118453929.0
MEX,2014,119936411.0
MEX,2015,121347800.0
MEX,2016,122715165.0
MEX,2017,124041731.0
MEX,2018,125327797.0
MEX,2019,126577691.0
MEX,2020,127792286.0
MEX,2021,128972439.0
IND,1950,357021099.0
IND,1951,364922361.0
IND,1952,372997190.0
IND,1953,381227705.0
IND,1954,389731406.0
IND,1955,398577994.0
IND,1956,407656597.0
IND,1957,416935397.0
IND,1958,426295762.0
IND,1959,435900354.0
IND,1960,445954580.0
IND,1961,456351876.0
IND,1962,467024194.0
IND,1963,477933619.0
IND,1964,489059313.0
IND,1965,500114349.0
IND,1966,510992619.0
IND,1967,521987072.0
IND,1968,533431910.0
IND,1969,545314672.0
IND,1970,557501299.0
IND,1971,569999176.0
IND,1972,582837973.0
IND,1973,596107482.0
IND,1974,609721951.0
IND,1975,623524221.0
IND,1976,637451448.0
IND,1977,651685626.0
IND,1978,666267763.0
IND,1979,681248383.0
IND,1980,696828384.0
IND,1981,712869299.0
IND,1982,729169466.0
IND,1983,745826543.0
IND,1984,762895159.0
IND,1985,780242084.0
IND,1986,797878993.0
IND,1987,815716126.0
IND,1988,833729679.0
IND,1989,852012674.0
IND,1990,870452166.0
IND,1991,888941757.0
IND,1992,907574050.0
IND,1993,926351296.0
IND,1994,945261958.0
IND,1995,964279130.0
IND,1996,983281215.0
IND,1997,1002335230.0
IND,1998,1021434576.0
IND,1999,1040500052.0
IND,2000,1059633677.0
IND,2001,1078970908.0
IND,2002,1098313040.0
IND,2003,1117415124.0
IND,2004,1136264580.0
IND,2005,1154638709.0
IND,2006,1172373786.0
IND,2007,1189691811.0
IND,2008,1206734805.0
IND,2009,1223640159.0
IND,2010,1240613620.0
IND,2011,1257621190.0
IND,2012,1274487217.0
IND,2013,1291132067.0
IND,2014,1307246512.0
IND,2015,1322866502.0
IND,2016,1338636340.0
IND,2017,1354195678.0
IND,2018,1369003306.0
IND,2019,1383112051.0
IND,2020,1396387126.0
IND,2021,1407563842.0
ROU,1950,16392974.0
ROU,1951,16612736.0
ROU,1952,16828585.0
ROU,1953,17041123.0
ROU,1954,17250993.0
ROU,1955,17455291.0
ROU,1956,17668032.0
ROU,1957,17884928.0
ROU,1958,18089945.0
ROU,1959,18282519.0
ROU,1960,18458009.0
ROU,1961,18622913.0
ROU,1962,18770327.0
ROU,1963,18895144.0
ROU,1964,19010054.0
ROU,1965,19117075.0
ROU,1966,19221484.0
ROU,1967,19348535.0
ROU,1968,19799831.0
ROU,1969,20009141.0
ROU,1970,20250396.0
ROU,1971,20461575.0
ROU,1972,20657956.0
ROU,1973,20835682.0
ROU,1974,21029428.0
ROU,1975,21293586.0
ROU,1976,21551631.0
ROU,1977,21756097.0
ROU,1978,21951467.0
ROU,1979,22090484.0
ROU,1980,22207284.0
ROU,1981,22353071.0
ROU,1982,22475742.0
ROU,1983,22560476.0
ROU,1984,22640545.0
ROU,1985,22732997.0
ROU,1986,22836836.0
ROU,1987,22949427.0
ROU,1988,23057660.0
ROU,1989,23161460.0
ROU,1990,23201832.0
ROU,1991,23001160.0
ROU,1992,22794284.0
ROU,1993,22763283.0
ROU,1994,22730216.0
ROU,1995,22684268.0
ROU,1996,22619005.0
ROU,1997,22553982.0
ROU,1998,22507354.0
ROU,1999,22472043.0
ROU,2000,22442973.0
ROU,2001,22131974.0
ROU,2002,21675775.0
ROU,2003,21574365.0
ROU,2004,21451845.0
ROU,2005,21319673.0
ROU,2006,21193749.0
ROU,2007,20882980.0
ROU,2008,20537848.0
ROU,2009,20367437.0
ROU,2010,20246798.0
ROU,2011,20147657.0
ROU,2012,20060182.0
ROU,2013,19988694.0
ROU,2014,19916451.0
ROU,2015,19822250.0
ROU,2016,19706424.0
ROU,2017,19592933.0
ROU,2018,19483840.0
ROU,2019,19375835.0
ROU,2020,19269469.0
ROU,2021,19124061.0
POL,1950,24786239.0
POL,1951,25242271.0
POL,1952,25704542.0
POL,1953,26168164.0
POL,1954,26630353.0
POL,1955,27099201.0
POL,1956,27582028.0
POL,1957,28076083.0
POL,1958,28583989.0
POL,1959,29068121.0
POL,1960,29405729.0
POL,1961,29965300.0
POL,1962,30323900.0
POL,1963,30690900.0
POL,1964,31161200.0
POL,1965,31495900.0
POL,1966,31698000.0
POL,1967,31943900.0
POL,1968,32304800.0
POL,1969,32555100.0
POL,1970,32642270.0
POL,1971,32749400.0
POL,1972,33068000.0
POL,1973,33362700.0
POL,1974,33691008.0
POL,1975,34022130.0
POL,1976,34362133.0
POL,1977,34697576.0
POL,1978,35009862.0
POL,1979,35256645.0
POL,1980,35578019.0
POL,1981,35901961.0
POL,1982,36227381.0
POL,1983,36571418.0
POL,1984,36913515.0
POL,1985,37202981.0
POL,1986,37455681.0
POL,1987,37663756.0
POL,1988,37862063.0
POL,1989,37962808.0
POL,1990,38030500.0
POL,1991,38108500.0
POL,1992,38173500.0
POL,1993,38221000.0
POL,1994,38252000.0
POL,1995,38274500.0
POL,1996,38289000.0
POL,1997,38292000.0
POL,1998,38283500.0
POL,1999,38270000.0
POL,2000,38258477.5
POL,2001,38248076.0
POL,2002,38232301.0
POL,2003,38195177.0
POL,2004,38180249.0
POL,2005,38161313.0
POL,2006,38132277.0
POL,2007,38115967.0
POL,2008,38115909.0
POL,2009,38153389.0
POL,2010,38516689.0
POL,2011,38525670.0
POL,2012,38533789.0
POL,2013,38502396.0
POL,2014,38483957.0
POL,2015,38454576.0
POL,2016,38426809.0
POL,2017,38422346.0
POL,2018,38413139.0
POL,2019,38386476.0
POL,2020,38354173.0
POL,2021,38162224.0
HRV,1950,3864691.0
HRV,1951,3900323.0
HRV,1952,3935773.0
HRV,1953,3973457.0
HRV,1954,4011869.0
HRV,1955,4049657.0
HRV,1956,4085641.0
HRV,1957,4119356.0
HRV,1958,4151528.0
HRV,1959,4183293.0
HRV,1960,4215325.0
HRV,1961,4247855.0
HRV,1962,4280072.0
HRV,1963,4311044.0
HRV,1964,4341048.0
HRV,1965,4371382.0
HRV,1966,4401776.0
HRV,1967,4429802.0
HRV,1968,4454140.0
HRV,1969,4474887.0
HRV,1970,4492636.0
HRV,1971,4509276.0
HRV,1972,4526428.0
HRV,1973,4544131.0
HRV,1974,4561862.0
HRV,1975,4579428.0
HRV,1976,4597194.0
HRV,1977,4615728.0
HRV,1978,4635776.0
HRV,1979,4657518.0
HRV,1980,4680147.0
HRV,1981,4703979.0
HRV,1982,4728725.0
HRV,1983,4751890.0
HRV,1984,4776364.0
HRV,1985,4803323.0
HRV,1986,4828683.0
HRV,1987,4849963.0
HRV,1988,4865829.0
HRV,1989,4874182.0
HRV,1990,4873705.0
HRV,1991,4844522.0
HRV,1992,4798318.0
HRV,1993,4792402.0
HRV,1994,4819427.0
HRV,1995,4807101.0
HRV,1996,4758633.0
HRV,1997,4711372.0
HRV,1998,4659932.0
HRV,1999,4605331.0
HRV,2000,4548433.0
HRV,2001,4299642.0
HRV,2002,4302174.0
HRV,2003,4303399.0
HRV,2004,4304600.0
HRV,2005,4310145.0
HRV,2006,4311159.0
HRV,2007,4310217.0
HRV,2008,4309705.0
HRV,2009,4305181.0
HRV,2010,4295427.0
HRV,2011,4280622.0
HRV,2012,4267558.0
HRV,2013,4255689.0
HRV,2014,4238389.0
HRV,2015,4203604.0
HRV,2016,4174349.0
HRV,2017,4124531.0
HRV,2018,4087843.0
HRV,2019,4065253.0
HRV,2020,4047680.0
HRV,2021,3878981.0
ISL,1950,142660.0
ISL,1951,145417.0
ISL,1952,147762.0
ISL,1953,150746.0
ISL,1954,154272.0
ISL,1955,157759.0
ISL,1956,161097.0
ISL,1957,164766.0
ISL,1958,168490.0
ISL,1959,172013.0
ISL,1960,175573.0
ISL,1961,179028.0
ISL,1962,182376.0
ISL,1963,185648.0
ISL,1964,188983.0
ISL,1965,192285.0
ISL,1966,195568.0
ISL,1967,198757.0
ISL,1968,201487.0
ISL,1969,203370.0
ISL,1970,204438.0
ISL,1971,206099.0
ISL,1972,209137.0
ISL,1973,212316.0
ISL,1974,215206.0
ISL,1975,217974.0
ISL,1976,220151.0
ISL,1977,221801.0
ISL,1978,223537.0
ISL,1979,225734.0
ISL,1980,228133.0
ISL,1981,230757.0
ISL,1982,233855.0
ISL,1983,236976.0
ISL,1984,239506.0
ISL,1985,241409.0
ISL,1986,243187.0
ISL,1987,245864.0
ISL,1988,249734.0
ISL,1989,252851.0
ISL,1990,254820.0
ISL,1991,257795.0
ISL,1992,261053.0
ISL,1993,263730.0
ISL,1994,266021.0
ISL,1995,267467.0
ISL,1996,268918.0
ISL,1997,271130.0
ISL,1998,274049.0
ISL,1999,277384.0
ISL,2000,281200.0
ISL,2001,284970.0
ISL,2002,287516.0
ISL,2003,289522.0
ISL,2004,292077.0
ISL,2005,296734.0
ISL,2006,303784.0
ISL,2007,311567.0
ISL,2008,317404.0
ISL,2009,318501.0
ISL,2010,318044.0
ISL,2011,319011.0
ISL,2012,320723.0
ISL,2013,323763.0
ISL,2014,327379.0
ISL,2015,330818.0
ISL,2016,335435.0
ISL,2017,343399.0
ISL,2018,352722.0
ISL,2019,360558.0
ISL,2020,366462.0
ISL,2021,372523.0
IDN,1950,69543321.0
IDN,1951,70849443.0
IDN,1952,72274629.0
IDN,1953,73820844.0
IDN,1954,75487888.0
IDN,1955,77273427.0
IDN,1956,79172800.0
IDN,1957,81179211.0
IDN,1958,83284051.0
IDN,1959,85477628.0
IDN,1960,87751066.0
IDN,1961,90098396.0
IDN,1962,92518373.0
IDN,1963,95015295.0
IDN,1964,97596728.0
IDN,1965,100267070.0
IDN,1966,103025423.0
IDN,1967,105865576.0
IDN,1968,108779926.0
IDN,1969,111758566.0
IDN,1970,114793179.0
IDN,1971,117880146.0
IDN,1972,121017316.0
IDN,1973,124199693.0
IDN,1974,127422198.0
IDN,1975,130680730.0
IDN,1976,133966940.0
IDN,1977,137278057.0
IDN,1978,140621731.0
IDN,1979,144009844.0
IDN,1980,147447834.0
IDN,1981,150938222.0
IDN,1982,154468235.0
IDN,1983,158009248.0
IDN,1984,161523353.0
IDN,1985,164982452.0
IDN,1986,168374287.0
IDN,1987,171702756.0
IDN,1988,174975953.0
IDN,1989,178209147.0
IDN,1990,181413398.0
IDN,1991,184591897.0
IDN,1992,187739786.0
IDN,1993,190851184.0
IDN,1994,193917458.0
IDN,1995,196934257.0
IDN,1996,199901231.0
IDN,1997,202826444.0
IDN,1998,205724597.0
IDN,1999,208615171.0
IDN,2000,211513822.0
IDN,2001,214427419.0
IDN,2002,217357790.0
IDN,2003,220309473.0
IDN,2004,223285666.0
IDN,2005,226289468.0
IDN,2006,229318262.0
IDN,2007,232374239.0
IDN,2008,235469755.0
IDN,2009,238620554.0
IDN,2010,241834226.0
IDN,2011,245115988.0
IDN,2012,248451714.0
IDN,2013,251805314.0
IDN,2014,255128076.0
IDN,2015,255587900.0
IDN,2016,258496500.0
IDN,2017,261355500.0
IDN,2018,264161600.0
IDN,2019,266911900.0
IDN,2020,269603400.0
IDN,2021,272248500.0
KOR,1950,20104013.0
KOR,1951,20116893.0
KOR,1952,20393370.0
KOR,1953,20862395.0
KOR,1954,21432886.0
KOR,1955,22075008.0
KOR,1956,22763455.0
KOR,1957,23494051.0
KOR,1958,24256851.0
KOR,1959,25036099.0
KOR,1960,25012374.0
KOR,1961,25765673.0
KOR,1962,26513030.0
KOR,1963,27261747.0
KOR,1964,27984155.0
KOR,1965,28704674.0
KOR,1966,29435571.0
KOR,1967,30130983.0
KOR,1968,30838302.0
KOR,1969,31544266.0
KOR,1970,32240827.0
KOR,1971,32882704.0
KOR,1972,33505406.0
KOR,1973,34103149.0
KOR,1974,34692266.0
KOR,1975,35280725.0
KOR,1976,35848523.0
KOR,1977,36411795.0
KOR,1978,36969185.0
KOR,1979,37534236.0
KOR,1980,38123775.0
KOR,1981,38723248.0
KOR,1982,39326352.0
KOR,1983,39910403.0
KOR,1984,40405956.0
KOR,1985,40805744.0
KOR,1986,41213674.0
KOR,1987,41621690.0
KOR,1988,42031247.0
KOR,1989,42449038.0
KOR,1990,42869283.0
KOR,1991,43295704.0
KOR,1992,43747962.0
KOR,1993,44194628.0
KOR,1994,44641540.0
KOR,1995,45092991.0
KOR,1996,45524681.0
KOR,1997,45953580.0
KOR,1998,46286503.0
KOR,1999,46616677.0
KOR,2000,47008111.0
KOR,2001,47370164.0
KOR,2002,47644736.0
KOR,2003,47892330.0
KOR,2004,48082519.0
KOR,2005,48184561.0
KOR,2006,48438292.0
KOR,2007,48683638.0
KOR,2008,49054708.0
KOR,2009,49307835.0
KOR,2010,49554112.0
KOR,2011,49936638.0
KOR,2012,50199853.0
KOR,2013,50428893.0
KOR,2014,50746659.0
KOR,2015,51014947.0
KOR,2016,51217803.0
KOR,2017,51361911.0
KOR,2018,51585058.0
KOR,2019,51764822.0
KOR,2020,51836239.0
KOR,2021,51744876.0
CHL,1950,6081931.0
CHL,1951,6218333.0
CHL,1952,6354736.0
CHL,1953,6491137.0
CHL,1954,6627540.0
CHL,1955,6763940.0
CHL,1956,6939809.0
CHL,1957,7115675.0
CHL,1958,7291542.0
CHL,1959,7467409.0
CHL,1960,7643277.0
CHL,1961,7843945.0
CHL,1962,8044614.0
CHL,1963,8245284.0
CHL,1964,8445953.0
CHL,1965,8646622.0
CHL,1966,8831223.0
CHL,1967,9015825.0
CHL,1968,9200427.0
CHL,1969,9385028.0
CHL,1970,9569631.0
CHL,1971,9738347.0
CHL,1972,9907065.0
CHL,1973,10075782.0
CHL,1974,10244501.0
CHL,1975,10413219.0
CHL,1976,10565409.0
CHL,1977,10717600.0
CHL,1978,10869791.0
CHL,1979,11021982.0
CHL,1980,11174173.0
CHL,1981,11359773.0
CHL,1982,11545372.0
CHL,1983,11730972.0
CHL,1984,11916572.0
CHL,1985,12102174.0
CHL,1986,12317494.0
CHL,1987,12532815.0
CHL,1988,12748135.0
CHL,1989,12963457.0
CHL,1990,13178782.0
CHL,1991,13422010.0
CHL,1992,13737062.0
CHL,1993,13956766.0
CHL,1994,14171821.0
CHL,1995,14381249.0
CHL,1996,14584947.0
CHL,1997,14782706.0
CHL,1998,14974898.0
CHL,1999,15162353.0
CHL,2000,15343326.0
CHL,2001,15520049.0
CHL,2002,15691701.0
CHL,2003,15856977.0
CHL,2004,16022133.0
CHL,2005,16183489.0
CHL,2006,16347890.0
CHL,2007,16517933.0
CHL,2008,16697754.0
CHL,2009,16881078.0
CHL,2010,17063927.0
CHL,2011,17254159.0
CHL,2012,17443491.0
CHL,2013,17611902.0
CHL,2014,17787617.0
CHL,2015,17971423.0
CHL,2016,18167147.0
CHL,2017,18419192.0
CHL,2018,18751405.0
CHL,2019,19107216.0
CHL,2020,19458310.0
CHL,2021,19678363.0
USA,1950,152271417.0
USA,1951,154877889.0
USA,1952,157552740.0
USA,1953,160184192.0
USA,1954,163025854.0
USA,1955,165931202.0
USA,1956,168903031.0
USA,1957,171984130.0
USA,1958,174881904.0
USA,1959,177829628.0
USA,1960,180671158.0
USA,1961,183691481.0
USA,1962,186537737.0
USA,1963,189241798.0
USA,1964,191888791.0
USA,1965,194302963.0
USA,1966,196560338.0
USA,1967,198712056.0
USA,1968,200706052.0
USA,1969,202676946.0
USA,1970,205052174.0
USA,1971,207660677.0
USA,1972,209896021.0
USA,1973,211908788.0
USA,1974,213853928.0
USA,1975,215973199.0
USA,1976,218035164.0
USA,1977,220239425.0
USA,1978,222584545.0
USA,1979,225055487.0
USA,1980,227224681.0
USA,1981,229465714.0
USA,1982,231664458.0
USA,1983,233791994.0
USA,1984,235824902.0
USA,1985,237923795.0
USA,1986,240132887.0
USA,1987,242288918.0
USA,1988,244498982.0
USA,1989,246819230.0
USA,1990,249622814.0
USA,1991,252980941.0
USA,1992,256514224.0
USA,1993,259918588.0
USA,1994,263125821.0
USA,1995,266278393.0
USA,1996,269394284.0
USA,1997,272646925.0
USA,1998,275854104.0
USA,1999,279040168.0
USA,2000,282162411.0
USA,2001,284968955.0
USA,2002,287625193.0
USA,2003,290107933.0
USA,2004,292805298.0
USA,2005,295516599.0
USA,2006,298379912.0
USA,2007,301231207.0
USA,2008,304093966.0
USA,2009,306771529.0
USA,2010,309327143.0
USA,2011,311583481.0
USA,2012,313877662.0
USA,2013,316059947.0
USA,2014,318386329.0
USA,2015,320738994.0
USA,2016,323071755.0
USA,2017,325122128.0
USA,2018,326838199.0
USA,2019,328329953.0
USA,2020,331501080.0
USA,2021,331893745.0
LTU,1950,2564799.0
LTU,1951,2589206.0
LTU,1952,2615039.0
LTU,1953,2641910.0
LTU,1954,2669862.0
LTU,1955,2699047.0
LTU,1956,2729750.0
LTU,1957,2762994.0
LTU,1958,2799007.0
LTU,1959,2836501.0
LTU,1960,2875684.0
LTU,1961,2915625.0
LTU,1962,2952461.0
LTU,1963,2986531.0
LTU,1964,3020460.0
LTU,1965,3052980.0
LTU,1966,3084150.0
LTU,1967,3115200.0
LTU,1968,3146346.0
LTU,1969,3177837.0
LTU,1970,3139689.0
LTU,1971,3179041.0
LTU,1972,3213622.0
LTU,1973,3244438.0
LTU,1974,3273894.0
LTU,1975,3301652.0
LTU,1976,3328664.0
LTU,1977,3355036.0
LTU,1978,3379514.0
LTU,1979,3397842.0
LTU,1980,3413202.0
LTU,1981,3432947.0
LTU,1982,3457179.0
LTU,1983,3485192.0
LTU,1984,3514205.0
LTU,1985,3544543.0
LTU,1986,3578914.0
LTU,1987,3616367.0
LTU,1988,3655049.0
LTU,1989,3684255.0
LTU,1990,3697838.0
LTU,1991,3704134.0
LTU,1992,3700114.0
LTU,1993,3682613.0
LTU,1994,3657144.0
LTU,1995,3629102.0
LTU,1996,3601613.0
LTU,1997,3575137.0
LTU,1998,3549331.0
LTU,1999,3524237.0
LTU,2000,3499534.0
LTU,2001,3470817.0
LTU,2002,3443066.0
LTU,2003,3415209.0
LTU,2004,3377073.0
LTU,2005,3322525.0
LTU,2006,3269903.0
LTU,2007,3231297.0
LTU,2008,3198234.0
LTU,2009,3162911.0
LTU,2010,3097292.0
LTU,2011,3028119.0
LTU,2012,2987773.0
LTU,2013,2957689.0
LTU,2014,2932366.0
LTU,2015,2904908.0
LTU,2016,2868234.0
LTU,2017,2828398.0
LTU,2018,2801541.0
LTU,2019,2794135.0
LTU,2020,2794890.0
LTU,2021,2795321.0
BRA,1950,53974728.0
BRA,1951,55606413.0
BRA,1952,57283658.0
BRA,1953,58999276.0
BRA,1954,60749490.0
BRA,1955,62533920.0
BRA,1956,64355709.0
BRA,1957,66221469.0
BRA,1958,68140426.0
BRA,1959,70123372.0
BRA,1960,72179235.0
BRA,1961,74311338.0
BRA,1962,76514329.0
BRA,1963,78772647.0
BRA,1964,81064572.0
BRA,1965,83373533.0
BRA,1966,85696502.0
BRA,1967,88035815.0
BRA,1968,90387079.0
BRA,1969,92746607.0
BRA,1970,95113265.0
BRA,1971,97482928.0
BRA,1972,99859388.0
BRA,1973,102259497.0
BRA,1974,104706193.0
BRA,1975,107216209.0
BRA,1976,109790943.0
BRA,1977,112425392.0
BRA,1978,115121158.0
BRA,1979,117878412.0
BRA,1980,122081510.0
BRA,1981,124807167.0
BRA,1982,127604588.0
BRA,1983,130434274.0
BRA,1984,133238189.0
BRA,1985,135979454.0
BRA,1986,138662472.0
BRA,1987,141282564.0
BRA,1988,143851505.0
BRA,1989,146393753.0
BRA,1990,148935328.0
BRA,1991,151467861.0
BRA,1992,153973883.0
BRA,1993,156454116.0
BRA,1994,158910651.0
BRA,1995,161345581.0
BRA,1996,163767821.0
BRA,1997,166187066.0
BRA,1998,168606400.0
BRA,1999,171029011.0
BRA,2000,173765726.0
BRA,2001,176208646.0
BRA,2002,178499255.0
BRA,2003,180708344.0
BRA,2004,182865043.0
BRA,2005,184991143.0
BRA,2006,187061610.0
BRA,2007,189038268.0
BRA,2008,191010274.0
BRA,2009,192980905.0
BRA,2010,194890682.0
BRA,2011,196603732.0
BRA,2012,198314934.0
BRA,2013,200004188.0
BRA,2014,201717541.0
BRA,2015,203475683.0
BRA,2016,205156587.0
BRA,2017,206804741.0
BRA,2018,208494900.0
BRA,2019,210147125.0
BRA,2020,211755692.0
BRA,2021,213317639.0
LVA,1950,1922526.0
LVA,1951,1944994.0
LVA,1952,1967168.0
LVA,1953,1988465.0
LVA,1954,2010068.0
LVA,1955,2032505.0
LVA,1956,2054639.0
LVA,1957,2077357.0
LVA,1958,2101582.0
LVA,1959,2127087.0
LVA,1960,2154248.0
LVA,1961,2182714.0
LVA,1962,2210148.0
LVA,1963,2236420.0
LVA,1964,2262863.0
LVA,1965,2287807.0
LVA,1966,2310939.0
LVA,1967,2333505.0
LVA,1968,2355481.0
LVA,1969,2376683.0
LVA,1970,2359164.0
LVA,1971,2376389.0
LVA,1972,2395674.0
LVA,1973,2415819.0
LVA,1974,2437186.0
LVA,1975,2456130.0
LVA,1976,2470989.0
LVA,1977,2485073.0
LVA,1978,2497921.0
LVA,1979,2505953.0
LVA,1980,2511701.0
LVA,1981,2519421.0
LVA,1982,2531080.0
LVA,1983,2546011.0
LVA,1984,2562047.0
LVA,1985,2578873.0
LVA,1986,2599892.0
LVA,1987,2626583.0
LVA,1988,2653434.0
LVA,1989,2666955.0
LVA,1990,2663146.0
LVA,1991,2650581.0
LVA,1992,2614338.0
LVA,1993,2563289.0
LVA,1994,2520742.0
LVA,1995,2485054.0
LVA,1996,2457226.0
LVA,1997,2432851.0
LVA,1998,2410027.0
LVA,1999,2390477.0
LVA,2000,2367549.0
LVA,2001,2337172.0
LVA,2002,2310176.0
LVA,2003,2287955.0
LVA,2004,2263123.0
LVA,2005,2238799.0
LVA,2006,2218351.0
LVA,2007,2200325.0
LVA,2008,2177324.0
LVA,2009,2141668.0
LVA,2010,2097553.0
LVA,2011,2059710.0
LVA,2012,2034324.0
LVA,2013,2012647.0
LVA,2014,1993785.0
LVA,2015,1977523.0
LVA,2016,1959535.0
LVA,2017,1942247.0
LVA,2018,1927170.0
LVA,2019,1913826.0
LVA,2020,1900448.0
LVA,2021,1884488.0
AUS,1950,8178700.0
AUS,1951,8421700.0
AUS,1952,8636500.0
AUS,1953,8815300.0
AUS,1954,8986500.0
AUS,1955,9199700.0
AUS,1956,9425500.0
AUS,1957,9640200.0
AUS,1958,9842400.0
AUS,1959,10056400.0
AUS,1960,10275000.0
AUS,1961,10508200.0
AUS,1962,10700500.0
AUS,1963,10906900.0
AUS,1964,11121600.0
AUS,1965,11340900.0
AUS,1966,11599498.0
AUS,1967,11799078.0
AUS,1968,12008635.0
AUS,1969,12263014.0
AUS,1970,12507349.0
AUS,1971,13067265.0
AUS,1972,13303664.0
AUS,1973,13504538.0
AUS,1974,13722571.0
AUS,1975,13892995.0
AUS,1976,14033083.0
AUS,1977,14192234.0
AUS,1978,14359255.0
AUS,1979,14515729.0
AUS,1980,14695356.0
AUS,1981,14923260.0
AUS,1982,15184247.0
AUS,1983,15393472.0
AUS,1984,15579391.0
AUS,1985,15788312.0
AUS,1986,16018350.0
AUS,1987,16263874.0
AUS,1988,16532164.0
AUS,1989,16814416.0
AUS,1990,17065128.0
AUS,1991,17284036.0
AUS,1992,17478635.0
AUS,1993,17634808.0
AUS,1994,17805468.0
AUS,1995,18004882.0
AUS,1996,18224767.0
AUS,1997,18423037.0
AUS,1998,18607584.0
AUS,1999,18812264.0
AUS,2000,19028802.0
AUS,2001,19274701.0
AUS,2002,19495210.0
AUS,2003,19720737.0
AUS,2004,19932722.0
AUS,2005,20176844.0
AUS,2006,20450966.0
AUS,2007,20827622.0
AUS,2008,21249199.0
AUS,2009,21691653.0
AUS,2010,22031750.0
AUS,2011,22340024.0
AUS,2012,22733465.0
AUS,2013,23128129.0
AUS,2014,23475686.0
AUS,2015,23815995.0
AUS,2016,24190907.0
AUS,2017,24601860.0
AUS,2018,24982688.0
AUS,2019,25365745.0
AUS,2020,25693267.0
AUS,2021,25738142.0
EU27,1950,329977204.0
EU27,1951,330888089.0
EU27,1952,333614672.0
EU27,1953,336330624.0
EU27,1954,339090688.0
EU27,1955,341968804.0
EU27,1956,344388453.0
EU27,1957,346868862.0
EU27,1958,349976144.0
EU27,1959,353104106.0
EU27,1960,355962821.0
EU27,1961,359198603.0
EU27,1962,362635581.0
EU27,1963,366060475.0
EU27,1964,369277951.0
EU27,1965,372350636.0
EU27,1966,375134112.0
EU27,1967,377735913.0
EU27,1968,380588146.0
EU27,1969,383206925.0
EU27,1970,385105412.0
EU27,1971,387326644.0
EU27,1972,389967731.5
EU27,1973,392447521.5
EU27,1974,394821520.5
EU27,1975,397075672.0
EU27,1976,399154805.0
EU27,1977,401178203.5
EU27,1978,403108450.5
EU27,1979,404860871.5
EU27,1980,406723576.0
EU27,1981,408404241.0
EU27,1982,409600780.5
EU27,1983,410643337.0
EU27,1984,411554755.0
EU27,1985,412493936.0
EU27,1986,413589441.5
EU27,1987,414765405.5
EU27,1988,416124847.0
EU27,1989,417477810.0
EU27,1990,418793689.0
EU27,1991,421369837.0
EU27,1992,422646655.5
EU27,1993,423940051.5
EU27,1994,424914845.0
EU27,1995,425685108.0
EU27,1996,426364400.5
EU27,1997,426941575.0
EU27,1998,427424910.0
EU27,1999,428042160.0
EU27,2000,428966670.5
EU27,2001,429346942.0
EU27,2002,430374562.0
EU27,2003,432009570.5
EU27,2004,433611126.0
EU27,2005,435280220.0
EU27,2006,436689066.0
EU27,2007,438279405.0
EU27,2008,439807810.0
EU27,2009,440920562.0
EU27,2010,442067828.5
EU27,2011,441251725.0
EU27,2012,441930104.5
EU27,2013,442386216.0
EU27,2014,443178304.0
EU27,2015,444061264.5
EU27,2016,444994987.5
EU27,2017,445635488.0
EU27,2018,446406387.0
EU27,2019,447340350.5
EU27,2020,447719554.5
EU27,2021,447038283.5
ZAF,1950,13043847.0
ZAF,1951,13325059.0
ZAF,1952,13622917.0
ZAF,1953,13933248.0
ZAF,1954,14255877.0
ZAF,1955,14594131.0
ZAF,1956,14948933.0
ZAF,1957,15320138.0
ZAF,1958,15700878.0
ZAF,1959,16096457.0
ZAF,1960,16520439.0
ZAF,1961,16989466.0
ZAF,1962,17503137.0
ZAF,1963,18042214.0
ZAF,1964,18603099.0
ZAF,1965,19187195.0
ZAF,1966,19789770.0
ZAF,1967,20410679.0
ZAF,1968,21050540.0
ZAF,1969,21704214.0
ZAF,1970,22368307.0
ZAF,1971,23031441.0
ZAF,1972,23698508.0
ZAF,1973,24382510.0
ZAF,1974,25077015.0
ZAF,1975,25777965.0
ZAF,1976,26480299.0
ZAF,1977,27199836.0
ZAF,1978,27943446.0
ZAF,1979,28697017.0
ZAF,1980,29463547.0
ZAF,1981,30232562.0
ZAF,1982,31022417.0
ZAF,1983,31865174.0
ZAF,1984,32768204.0
ZAF,1985,33752966.0
ZAF,1986,34877831.0
ZAF,1987,36119334.0
ZAF,1988,37393854.0
ZAF,1989,38668683.0
ZAF,1990,39877571.0
ZAF,1991,40910960.0
ZAF,1992,41760754.0
ZAF,1993,42525439.0
ZAF,1994,43267984.0
ZAF,1995,43986086.0
ZAF,1996,44661605.0
ZAF,1997,45285047.0
ZAF,1998,45852167.0
ZAF,1999,46364679.0
ZAF,2000,46813268.0
ZAF,2001,47229716.0
ZAF,2002,46330165.0
ZAF,2003,46776083.0
ZAF,2004,47276543.0
ZAF,2005,47810182.0
ZAF,2006,48367901.0
ZAF,2007,48973857.0
ZAF,2008,49628089.0
ZAF,2009,50337363.0
ZAF,2010,51095503.0
ZAF,2011,51888897.0
ZAF,2012,52699253.0
ZAF,2013,53524385.0
ZAF,2014,54369436.0
ZAF,2015,55203738.0
ZAF,2016,56020148.0
ZAF,2017,56840036.0
ZAF,2018,57673251.0
ZAF,2019,58532857.0
ZAF,2020,59352940.0
ZAF,2021,59964917.0
SWE,1950,7016496.0
SWE,1951,7072824.0
SWE,1952,7124675.0
SWE,1953,7171458.0
SWE,1954,7213487.0
SWE,1955,7262384.0
SWE,1956,7315622.0
SWE,1957,7366998.0
SWE,1958,7414468.0
SWE,1959,7453705.0
SWE,1960,7484655.0
SWE,1961,7519998.0
SWE,1962,7561582.0
SWE,1963,7604326.0
SWE,1964,7661351.0
SWE,1965,7733852.0
SWE,1966,7807795.0
SWE,1967,7867942.0
SWE,1968,7911980.0
SWE,1969,7967732.0
SWE,1970,8042706.0
SWE,1971,8098145.0
SWE,1972,8122154.0
SWE,1973,8136779.0
SWE,1974,8160562.0
SWE,1975,8192567.0
SWE,1976,8222309.0
SWE,1977,8251653.0
SWE,1978,8275775.0
SWE,1979,8293728.0
SWE,1980,8310477.0
SWE,1981,8320482.0
SWE,1982,8325260.0
SWE,1983,8329025.0
SWE,1984,8336595.0
SWE,1985,8350378.0
SWE,1986,8369824.0
SWE,1987,8397797.0
SWE,1988,8436483.0
SWE,1989,8492959.0
SWE,1990,8558834.0
SWE,1991,8617376.0
SWE,1992,8668065.0
SWE,1993,8718558.0
SWE,1994,8780741.0
SWE,1995,8826944.0
SWE,1996,8840999.0
SWE,1997,8846059.0
SWE,1998,8850975.0
SWE,1999,8857879.0
SWE,2000,8872112.0
SWE,2001,8895963.0
SWE,2002,8924960.0
SWE,2003,8958232.0
SWE,2004,8993534.0
SWE,2005,9029567.0
SWE,2006,9080506.0
SWE,2007,9148093.0
SWE,2008,9219639.0
SWE,2009,9298512.0
SWE,2010,9378131.0
SWE,2011,9449216.0
SWE,2012,9519379.0
SWE,2013,9600374.0
SWE,2014,9696105.0
SWE,2015,9799183.0
SWE,2016,9923086.0
SWE,2017,10057695.0
SWE,2018,10175215.0
SWE,2019,10278888.0
SWE,2020,10353444.0
SWE,2021,10415812.0
OECD,1950,708498856.0
OECD,1951,715635534.0
OECD,1952,725260889.0
OECD,1953,734836108.0
OECD,1954,744778127.0
OECD,1955,755105348.0
OECD,1956,765138906.0
OECD,1957,775508385.0
OECD,1958,786412083.0
OECD,1959,797558262.0
OECD,1960,807955660.0
OECD,1961,819412794.0
OECD,1962,831345801.0
OECD,1963,842996384.0
OECD,1964,854523076.0
OECD,1965,865740914.0
OECD,1966,876084806.0
OECD,1967,886627967.0
OECD,1968,896960573.0
OECD,1969,907311600.0
OECD,1970,917224887.0
OECD,1971,928229043.0
OECD,1972,939189215.5
OECD,1973,949640208.5
OECD,1974,959881386.5
OECD,1975,969955859.0
OECD,1976,979349179.0
OECD,1977,988732203.5
OECD,1978,998205385.5
OECD,1979,1007752250.5
OECD,1980,1017247023.0
OECD,1981,1026767342.0
OECD,1982,1035946307.5
OECD,1983,1044784755.0
OECD,1984,1053311066.0
OECD,1985,1063365375.0
OECD,1986,1072059997.5
OECD,1987,1080578402.5
OECD,1988,1089299265.0
OECD,1989,1098426859.0
OECD,1990,1108049383.0
OECD,1991,1119998285.0
OECD,1992,1130609983.5
OECD,1993,1140521116.5
OECD,1994,1149790525.0
OECD,1995,1158807258.0
OECD,1996,1167651101.5
OECD,1997,1176435448.0
OECD,1998,1184850056.0
OECD,1999,1193299215.0
OECD,2000,1202090813.5
OECD,2001,1210753871.0
OECD,2002,1219548080.0
OECD,2003,1228247977.0
OECD,2004,1236990845.0
OECD,2005,1245965340.0
OECD,2006,1255164632.0
OECD,2007,1265014336.0
OECD,2008,1275158994.5
OECD,2009,1284417965.5
OECD,2010,1293625460.0
OECD,2011,1300343152.5
OECD,2012,1308279449.43051
OECD,2013,1315850835.64141
OECD,2014,1324118928.43384
OECD,2015,1332408337.31347
OECD,2016,1340853656.45222
OECD,2017,1348503922.09332
OECD,2018,1356091105.45767
OECD,2019,1363576796.14722
OECD,2020,1371703862.71647
OECD,2021,1374719762.97092
TUR,1950,20807000.0
TUR,1951,21351000.0
TUR,1952,21952000.0
TUR,1953,22569000.0
TUR,1954,23204000.0
TUR,1955,23857000.0
TUR,1956,24540000.0
TUR,1957,25250000.0
TUR,1958,25981000.0
TUR,1959,26733000.0
TUR,1960,27506000.0
TUR,1961,28227000.0
TUR,1962,28931000.0
TUR,1963,29652000.0
TUR,1964,30391000.0
TUR,1965,31149000.0
TUR,1966,31936000.0
TUR,1967,32750000.0
TUR,1968,33586000.0
TUR,1969,34443000.0
TUR,1970,35321000.0
TUR,1971,36215000.0
TUR,1972,37133000.0
TUR,1973,38073000.0
TUR,1974,39037000.0
TUR,1975,40026000.0
TUR,1976,40916000.0
TUR,1977,41769000.0
TUR,1978,42641000.0
TUR,1979,43531000.0
TUR,1980,44439000.0
TUR,1981,45540000.0
TUR,1982,46688000.0
TUR,1983,47864000.0
TUR,1984,49070000.0
TUR,1985,50307000.0
TUR,1986,51480000.0
TUR,1987,52370000.0
TUR,1988,53268000.0
TUR,1989,54192000.0
TUR,1990,55120000.0
TUR,1991,56055000.0
TUR,1992,56986000.0
TUR,1993,57913000.0
TUR,1994,58837000.0
TUR,1995,59756000.0
TUR,1996,60671000.0
TUR,1997,61582000.0
TUR,1998,62464000.0
TUR,1999,63364000.0
TUR,2000,64268751.0
TUR,2001,65166330.5
TUR,2002,66002505.5
TUR,2003,66794551.0
TUR,2004,67598736.0
TUR,2005,68435380.0
TUR,2006,69295253.0
TUR,2007,70158111.5
TUR,2008,71051689.0
TUR,2009,72039215.0
TUR,2010,73142162.0
TUR,2011,74223642.0
TUR,2012,75175836.0
TUR,2013,76147634.0
TUR,2014,77181894.0
TUR,2015,78218488.0
TUR,2016,79277971.0
TUR,2017,80312708.0
TUR,2018,81407211.0
TUR,2019,82579448.0
TUR,2020,83384688.0
TUR,2021,84147326.0
SVN,1950,1466881.0
SVN,1951,1480245.0
SVN,1952,1493550.0
SVN,1953,1508428.0
SVN,1954,1521485.0
SVN,1955,1533998.0
SVN,1956,1545591.0
SVN,1957,1556521.0
SVN,1958,1566979.0
SVN,1959,1576204.0
SVN,1960,1580145.0
SVN,1961,1595450.0
SVN,1962,1604980.0
SVN,1963,1614414.0
SVN,1964,1630553.0
SVN,1965,1650413.0
SVN,1966,1669606.0
SVN,1967,1690939.0
SVN,1968,1703708.0
SVN,1969,1714022.0
SVN,1970,1726513.0
SVN,1971,1729941.0
SVN,1972,1741343.0
SVN,1973,1753296.0
SVN,1974,1766040.0
SVN,1975,1778454.0
SVN,1976,1786977.0
SVN,1977,1799384.0
SVN,1978,1810997.0
SVN,1979,1824001.0
SVN,1980,1884477.0
SVN,1981,1896133.0
SVN,1982,1910335.0
SVN,1983,1922322.0
SVN,1984,1932154.0
SVN,1985,1941640.0
SVN,1986,1980718.0
SVN,1987,1989462.0
SVN,1988,1999988.0
SVN,1989,1999404.0
SVN,1990,1998090.0
SVN,1991,2001768.0
SVN,1992,1995832.0
SVN,1993,1990623.0
SVN,1994,1988850.0
SVN,1995,1987505.0
SVN,1996,1991169.0
SVN,1997,1986848.0
SVN,1998,1982603.0
SVN,1999,1985557.0
SVN,2000,1990272.0
SVN,2001,1992035.0
SVN,2002,1995718.0
SVN,2003,1996773.0
SVN,2004,1997004.0
SVN,2005,2001114.0
SVN,2006,2008516.0
SVN,2007,2019406.0
SVN,2008,2022629.0
SVN,2009,2042335.0
SVN,2010,2049261.0
SVN,2011,2052496.0
SVN,2012,2056262.0
SVN,2013,2059114.0
SVN,2014,2061623.0
SVN,2015,2063077.0
SVN,2016,2064241.0
SVN,2017,2066161.0
SVN,2018,2070050.0
SVN,2019,2089310.0
SVN,2020,2100126.0
SVN,2021,2107007.0
HUN,1950,9337770.0
HUN,1951,9422958.0
HUN,1952,9504043.0
HUN,1953,9595144.0
HUN,1954,9705833.0
HUN,1955,9824908.0
HUN,1956,9855888.0
HUN,1957,9839364.0
HUN,1958,9881594.0
HUN,1959,9937033.0
HUN,1960,9983514.0
HUN,1961,10027958.0
HUN,1962,10060823.0
HUN,1963,10087948.0
HUN,1964,10119834.0
HUN,1965,10147932.0
HUN,1966,10178653.0
HUN,1967,10216607.0
HUN,1968,10255807.0
HUN,1969,10298722.0
HUN,1970,10337912.0
HUN,1971,10367535.0
HUN,1972,10398491.0
HUN,1973,10432053.0
HUN,1974,10478720.0
HUN,1975,10540523.0
HUN,1976,10598674.0
HUN,1977,10648028.0
HUN,1978,10684829.0
HUN,1979,10704148.0
HUN,1980,10711126.0
HUN,1981,10711853.0
HUN,1982,10705537.0
HUN,1983,10689467.0
HUN,1984,10668092.0
HUN,1985,10648715.0
HUN,1986,10630565.0
HUN,1987,10612743.0
HUN,1988,10596489.0
HUN,1989,10481717.0
HUN,1990,10373987.0
HUN,1991,10373398.0
HUN,1992,10369339.0
HUN,1993,10357518.0
HUN,1994,10343359.0
HUN,1995,10328967.0
HUN,1996,10311235.0
HUN,1997,10290475.0
HUN,1998,10266571.0
HUN,1999,10237527.0
HUN,2000,10210965.0
HUN,2001,10187578.0
HUN,2002,10158610.0
HUN,2003,10129554.0
HUN,2004,10107140.0
HUN,2005,10087064.0
HUN,2006,10071374.0
HUN,2007,10055778.0
HUN,2008,10038186.0
HUN,2009,10022647.0
HUN,2010,10000020.0
HUN,2011,9958824.0
HUN,2012,9920364.0
HUN,2013,9893083.0
HUN,2014,9866466.0
HUN,2015,9843025.0
HUN,2016,9814026.0
HUN,2017,9787969.0
HUN,2018,9775566.0
HUN,2019,9771142.0
HUN,2020,9750153.0
HUN,2021,9709893.0
BEL,1950,8639369.0
BEL,1951,8678386.0
BEL,1952,8730405.0
BEL,1953,8777873.0
BEL,1954,8819374.0
BEL,1955,8868451.0
BEL,1956,8923800.0
BEL,1957,8989050.0
BEL,1958,9052650.0
BEL,1959,9103712.0
BEL,1960,9153490.0
BEL,1961,9183948.0
BEL,1962,9220578.0
BEL,1963,9289770.0
BEL,1964,9378114.0
BEL,1965,9463668.0
BEL,1966,9527808.0
BEL,1967,9580991.0
BEL,1968,9618756.0
BEL,1969,9646033.0
BEL,1970,9655550.0
BEL,1971,9673162.0
BEL,1972,9711115.0
BEL,1973,9741721.0
BEL,1974,9772420.0
BEL,1975,9800700.0
BEL,1976,9818228.0
BEL,1977,9830358.0
BEL,1978,9839534.0
BEL,1979,9848382.0
BEL,1980,9859243.0
BEL,1981,9858982.0
BEL,1982,9856303.0
BEL,1983,9855521.0
BEL,1984,9855372.0
BEL,1985,9858309.0
BEL,1986,9861824.0
BEL,1987,9870234.0
BEL,1988,9901665.0
BEL,1989,9937697.0
BEL,1990,9967378.0
BEL,1991,10004486.0
BEL,1992,10045165.0
BEL,1993,10084479.0
BEL,1994,10115601.0
BEL,1995,10136814.0
BEL,1996,10156641.0
BEL,1997,10181246.0
BEL,1998,10203012.0
BEL,1999,10226419.0
BEL,2000,10251251.0
BEL,2001,10286571.0
BEL,2002,10332786.0
BEL,2003,10376131.0
BEL,2004,10421136.0
BEL,2005,10478620.0
BEL,2006,10547956.0
BEL,2007,10624835.0
BEL,2008,10709108.0
BEL,2009,10796498.0
BEL,2010,10895591.0
BEL,2011,10993609.0
BEL,2012,11067748.0
BEL,2013,11125033.0
BEL,2014,11179778.0
BEL,2015,11238474.0
BEL,2016,11295003.0
BEL,2017,11349081.0
BEL,2018,11403740.0
BEL,2019,11462023.0
BEL,2020,11506938.0
BEL,2021,11552615.0
G20,1950,1867498595.0
G20,1951,1896849361.0
G20,1952,1930974544.0
G20,1953,1966607052.0
G20,1954,2003226076.0
G20,1955,2041530028.0
G20,1956,2079429924.0
G20,1957,2118699206.0
G20,1958,2158765924.0
G20,1959,2194010995.0
G20,1960,2222370745.0
G20,1961,2251526215.0
G20,1962,2289721126.0
G20,1963,2337853228.0
G20,1964,2387504194.0
G20,1965,2435355526.0
G20,1966,2481994606.0
G20,1967,2527903301.0
G20,1968,2575675963.0
G20,1969,2625487965.0
G20,1970,2675385714.0
G20,1971,2726461352.0
G20,1972,2776645943.5
G20,1973,2826262625.5
G20,1974,2875047710.5
G20,1975,2922147945.0
G20,1976,2967373256.0
G20,1977,3011939276.5
G20,1978,3056390541.5
G20,1979,3102028025.5
G20,1980,3150705202.0
G20,1981,3199340185.0
G20,1982,3249226999.5
G20,1983,3298900032.0
G20,1984,3347926044.0
G20,1985,3398372876.0
G20,1986,3450679444.5
G20,1987,3504504781.5
G20,1988,3558476552.0
G20,1989,3612248632.0
G20,1990,3667347052.0
G20,1991,3721045445.0
G20,1992,3769366349.5
G20,1993,3815965692.5
G20,1994,3861435365.0
G20,1995,3906041795.0
G20,1996,3949412757.5
G20,1997,3992015961.0
G20,1998,4033783497.0
G20,1999,4074879602.0
G20,2000,4116587793.5
G20,2001,4157569344.5
G20,2002,4196872912.5
G20,2003,4237347721.5
G20,2004,4277669237.0
G20,2005,4317968524.0
G20,2006,4358028574.0
G20,2007,4398586003.5
G20,2008,4439612934.0
G20,2009,4480351031.0
G20,2010,4521907693.5
G20,2011,4560882548.0
G20,2012,4601210267.5
G20,2013,4641096498.0
G20,2014,4680656804.0
G20,2015,4718554484.5
G20,2016,4756410646.5
G20,2017,4793339269.0
G20,2018,4827632413.0
G20,2019,4859012503.5
G20,2020,4888070572.5
ITA,1950,47104001.0
ITA,1951,47407195.0
ITA,1952,47665530.0
ITA,1953,47957348.0
ITA,1954,48299578.0
ITA,1955,48632556.0
ITA,1956,48921093.0
ITA,1957,49183204.0
ITA,1958,49476429.0
ITA,1959,49832779.0
ITA,1960,50199634.0
ITA,1961,50536309.0
ITA,1962,50879432.0
ITA,1963,51251937.0
ITA,1964,51675294.0
ITA,1965,52112336.0
ITA,1966,52518925.0
ITA,1967,52900443.0
ITA,1968,53235691.0
ITA,1969,53537796.0
ITA,1970,53821798.0
ITA,1971,54073525.0
ITA,1972,54381345.0
ITA,1973,54751405.0
ITA,1974,55110870.0
ITA,1975,55440999.0
ITA,1976,55718266.0
ITA,1977,55955407.0
ITA,1978,56155142.0
ITA,1979,56317750.0
ITA,1980,56433876.0
ITA,1981,56501674.0
ITA,1982,56543539.0
ITA,1983,56564076.0
ITA,1984,56576719.0
ITA,1985,56593070.0
ITA,1986,56596157.0
ITA,1987,56601936.0
ITA,1988,56629290.0
ITA,1989,56671778.0
ITA,1990,56719239.0
ITA,1991,56758522.0
ITA,1992,56797078.0
ITA,1993,56831823.0
ITA,1994,56843400.0
ITA,1995,56844301.0
ITA,1996,56860279.0
ITA,1997,56890371.0
ITA,1998,56906744.0
ITA,1999,56916316.0
ITA,2000,56942108.0
ITA,2001,56976976.0
ITA,2002,57089823.0
ITA,2003,57399187.0
ITA,2004,57828178.0
ITA,2005,58166684.0
ITA,2006,58399863.0
ITA,2007,58756247.0
ITA,2008,59211183.0
ITA,2009,59555456.0
ITA,2010,59819402.0
ITA,2011,60026844.0
ITA,2012,60191243.0
ITA,2013,60311616.0
ITA,2014,60320708.0
ITA,2015,60229599.0
ITA,2016,60115220.0
ITA,2017,60002254.0
ITA,2018,59877216.0
ITA,2019,59729077.0
ITA,2020,59438845.0
ITA,2021,59109666.0
CRI,1950,868934.0
CRI,1951,897630.0
CRI,1952,929173.0
CRI,1953,962485.0
CRI,1954,997535.0
CRI,1955,1035424.0
CRI,1956,1075192.0
CRI,1957,1117281.0
CRI,1958,1159770.0
CRI,1959,1204553.0
CRI,1960,1251508.0
CRI,1961,1301084.0
CRI,1962,1352695.0
CRI,1963,1403804.0
CRI,1964,1455625.0
CRI,1965,1507565.0
CRI,1966,1559922.0
CRI,1967,1612363.0
CRI,1968,1664202.0
CRI,1969,1715441.0
CRI,1970,1763665.0
CRI,1971,1812029.0
CRI,1972,1860528.0
CRI,1973,1909614.0
CRI,1974,1959976.0
CRI,1975,2009819.0
CRI,1976,2063320.0
CRI,1977,2117790.0
CRI,1978,2177452.0
CRI,1979,2239890.0
CRI,1980,2304094.0
CRI,1981,2370060.0
CRI,1982,2437231.0
CRI,1983,2505453.0
CRI,1984,2573769.0
CRI,1985,2646142.0
CRI,1986,2726063.0
CRI,1987,2804079.0
CRI,1988,2878888.0
CRI,1989,2955335.0
CRI,1990,3029336.0
CRI,1991,3101536.0
CRI,1992,3170537.0
CRI,1993,3239868.0
CRI,1994,3334223.0
CRI,1995,3428278.0
CRI,1996,3520866.0
CRI,1997,3611224.0
CRI,1998,3699939.0
CRI,1999,3786841.0
CRI,2000,3872349.0
CRI,2001,3953393.0
CRI,2002,4022431.0
CRI,2003,4086405.0
CRI,2004,4151823.0
CRI,2005,4215248.0
CRI,2006,4278656.0
CRI,2007,4340390.0
CRI,2008,4404090.0
CRI,2009,4469337.0
CRI,2010,4533894.0
CRI,2011,4592149.0
CRI,2012,4652458.93050581
CRI,2013,4713168.14141015
CRI,2014,4773129.93384446
CRI,2015,4832233.8134651
CRI,2016,4890379.45221625
CRI,2017,4947489.59332252
CRI,2018,5003401.95767213
CRI,2019,5058007.14721902
CRI,2020,5111238.21646865
CRI,2021,5163037.97091561
DNK,1950,4268468.0
DNK,1951,4300376.0
DNK,1952,4332355.0
DNK,1953,4369279.0
DNK,1954,4406576.0
DNK,1955,4439006.0
DNK,1956,4466527.0
DNK,1957,4489871.0
DNK,1958,4516287.0
DNK,1959,4548660.0
DNK,1960,4579603.0
DNK,1961,4611690.0
DNK,1962,4647733.0
DNK,1963,4684481.0
DNK,1964,4722074.0
DNK,1965,4759011.0
DNK,1966,4797381.0
DNK,1967,4835358.0
DNK,1968,4864879.0
DNK,1969,4891860.0
DNK,1970,4928748.0
DNK,1971,4963126.0
DNK,1972,4991596.0
DNK,1973,5021862.0
DNK,1974,5045298.0
DNK,1975,5059862.0
DNK,1976,5072597.0
DNK,1977,5088420.0
DNK,1978,5104248.0
DNK,1979,5116802.0
DNK,1980,5123027.0
DNK,1981,5121572.0
DNK,1982,5117810.0
DNK,1983,5114297.0
DNK,1984,5111619.0
DNK,1985,5113691.0
DNK,1986,5120534.0
DNK,1987,5127024.0
DNK,1988,5129517.0
DNK,1989,5132594.0
DNK,1990,5140939.0
DNK,1991,5154298.0
DNK,1992,5171370.0
DNK,1993,5189377.0
DNK,1994,5204994.0
DNK,1995,5227861.0
DNK,1996,5261503.0
DNK,1997,5284220.0
DNK,1998,5301304.0
DNK,1999,5319111.0
DNK,2000,5337344.0
DNK,2001,5355082.0
DNK,2002,5374255.0
DNK,2003,5387174.0
DNK,2004,5401177.0
DNK,2005,5415978.0
DNK,2006,5434567.0
DNK,2007,5457415.0
DNK,2008,5489022.0
DNK,2009,5519441.0
DNK,2010,5543819.0
DNK,2011,5566856.0
DNK,2012,5587085.0
DNK,2013,5608784.0
DNK,2014,5639719.0
DNK,2015,5678348.0
DNK,2016,5724456.0
DNK,2017,5760694.0
DNK,2018,5789957.0
DNK,2019,5814461.0
DNK,2020,5825337.0
DNK,2021,5850189.0
ARG,1950,17150336.0
ARG,1951,17517342.0
ARG,1952,17876954.0
ARG,1953,18230815.0
ARG,1954,18580556.0
ARG,1955,18927820.0
ARG,1956,19271511.0
ARG,1957,19610538.0
ARG,1958,19946536.0
ARG,1959,20281148.0
ARG,1960,20616010.0
ARG,1961,20950583.0
ARG,1962,21283784.0
ARG,1963,21616406.0
ARG,1964,21949246.0
ARG,1965,22283102.0
ARG,1966,22611643.0
ARG,1967,22934338.0
ARG,1968,23260684.0
ARG,1969,23600177.0
ARG,1970,23962314.0
ARG,1971,24354307.0
ARG,1972,24769829.0
ARG,1973,25198050.0
ARG,1974,25628164.0
ARG,1975,26049353.0
ARG,1976,26458241.0
ARG,1977,26862054.0
ARG,1978,27265831.0
ARG,1979,27674632.0
ARG,1980,28093507.0
ARG,1981,28524120.0
ARG,1982,28963109.0
ARG,1983,29407972.0
ARG,1984,29856213.0
ARG,1985,30305336.0
ARG,1986,30757601.0
ARG,1987,31214665.0
ARG,1988,31673154.0
ARG,1989,32129676.0
ARG,1990,32580854.0
ARG,1991,33028546.0
ARG,1992,33475005.0
ARG,1993,33917440.0
ARG,1994,34353066.0
ARG,1995,34779096.0
ARG,1996,35195575.0
ARG,1997,35604362.0
ARG,1998,36005387.0
ARG,1999,36398577.0
ARG,2000,36783859.0
ARG,2001,37156654.0
ARG,2002,37537783.0
ARG,2003,37927463.0
ARG,2004,38325927.0
ARG,2005,38733406.0
ARG,2006,39127239.0
ARG,2007,39529440.0
ARG,2008,39940234.0
ARG,2009,40359828.0
ARG,2010,40788453.0
ARG,2011,41261490.0
ARG,2012,41733271.0
ARG,2013,42202935.0
ARG,2014,42669500.0
ARG,2015,43131966.0
ARG,2016,43590368.0
ARG,2017,44044811.0
ARG,2018,44494502.0
ARG,2019,44938712.0
ARG,2020,45376763.0
ARG,2021,45808747.0
NZL,1950,1909835.0
NZL,1951,1949185.0
NZL,1952,1997720.0
NZL,1953,2049740.0
NZL,1954,2096610.0
NZL,1955,2141610.0
NZL,1956,2187055.0
NZL,1957,2236105.0
NZL,1958,2289440.0
NZL,1959,2337880.0
NZL,1960,2381670.0
NZL,1961,2432380.0
NZL,1962,2488530.0
NZL,1963,2541415.0
NZL,1964,2591965.0
NZL,1965,2640400.0
NZL,1966,2687580.0
NZL,1967,2728115.0
NZL,1968,2758885.0
NZL,1969,2788435.0
NZL,1970,2828020.0
NZL,1971,2875305.0
NZL,1972,2929135.0
NZL,1973,2992335.0
NZL,1974,3058435.0
NZL,1975,3117765.0
NZL,1976,3153535.0
NZL,1977,3164830.0
NZL,1978,3165705.0
NZL,1979,3164620.0
NZL,1980,3170245.0
NZL,1981,3185460.0
NZL,1982,3210645.0
NZL,1983,3245770.0
NZL,1984,3278850.0
NZL,1985,3298050.0
NZL,1986,3308310.0
NZL,1987,3327785.0
NZL,1988,3343680.0
NZL,1989,3357535.0
NZL,1990,3390085.0
NZL,1991,3495100.0
NZL,1992,3531700.0
NZL,1993,3572200.0
NZL,1994,3620000.0
NZL,1995,3673400.0
NZL,1996,3732000.0
NZL,1997,3781300.0
NZL,1998,3815000.0
NZL,1999,3835100.0
NZL,2000,3857700.0
NZL,2001,3880500.0
NZL,2002,3948500.0
NZL,2003,4027200.0
NZL,2004,4087500.0
NZL,2005,4133900.0
NZL,2006,4184600.0
NZL,2007,4223800.0
NZL,2008,4259800.0
NZL,2009,4302600.0
NZL,2010,4350700.0
NZL,2011,4384000.0
NZL,2012,4408100.0
NZL,2013,4442100.0
NZL,2014,4516500.0
NZL,2015,4609400.0
NZL,2016,4714100.0
NZL,2017,4813600.0
NZL,2018,4900600.0
NZL,2019,4979200.0
NZL,2020,5090200.0
NZL,2021,5111400.0
W,1950,2499322159.0
W,1951,2543130382.0
W,1952,2590270901.0
W,1953,2640278797.0
W,1954,2691979338.0
W,1955,2746072140.0
W,1956,2801002628.0
W,1957,2857866857.0
W,1958,2916108095.0
W,1959,2970292188.0
W,1960,3019233433.0
W,1961,3068370612.0
W,1962,3126686742.0
W,1963,3195779242.0
W,1964,3267212339.0
W,1965,3337111982.0
W,1966,3406417035.0
W,1967,3475448166.0
W,1968,3546810806.0
W,1969,3620655272.0
W,1970,3695390336.0
W,1971,3770163091.0
W,1972,3844800887.0
W,1973,3920251502.0
W,1974,3995517076.0
W,1975,4069437229.0
W,1976,4142505884.0
W,1977,4215772485.0
W,1978,4289657710.0
W,1979,4365582872.0
W,1980,4444007708.0
W,1981,4524627659.0
W,1982,4607984869.0
W,1983,4691884236.0
W,1984,4775836074.0
W,1985,4861730613.0
W,1986,4950063340.0
W,1987,5040984498.0
W,1988,5132293971.0
W,1989,5223704306.0
W,1990,5316175861.0
W,1991,5406245865.0
W,1992,5492686095.0
W,1993,5577433522.0
W,1994,5660727994.0
W,1995,5743219455.0
W,1996,5825145298.0
W,1997,5906481261.0
W,1998,5987312479.0
W,1999,6067758459.0
W,2000,6148898977.0
W,2001,6230746981.0
W,2002,6312407361.0
W,2003,6393898365.0
W,2004,6475751477.0
W,2005,6558176119.0
W,2006,6641416216.0
W,2007,6725948545.0
W,2008,6811597272.0
W,2009,6898305911.0
W,2010,6985603103.0
W,2011,7073125423.0
W,2012,7161697923.0
W,2013,7250593368.0
W,2014,7339013420.0
W,2015,7426597538.0
W,2016,7513474235.0
W,2017,7599822403.0
W,2018,7683789831.0
W,2019,7764951032.0
W,2020,7840952880.0
W,2021,7909295151.0
LUX,1950,296585.0
LUX,1951,298213.0
LUX,1952,300058.0
LUX,1953,301760.0
LUX,1954,303512.0
LUX,1955,305513.0
LUX,1956,307258.0
LUX,1957,308845.0
LUX,1958,310587.0
LUX,1959,312507.0
LUX,1960,314168.0
LUX,1961,316588.0
LUX,1962,319852.0
LUX,1963,323006.0
LUX,1964,326367.0
LUX,1965,329796.0
LUX,1966,333132.0
LUX,1967,335559.0
LUX,1968,337045.0
LUX,1969,338281.0
LUX,1970,339174.0
LUX,1971,342415.0
LUX,1972,346600.0
LUX,1973,350450.0
LUX,1974,355049.0
LUX,1975,358951.0
LUX,1976,360728.0
LUX,1977,361356.0
LUX,1978,362010.0
LUX,1979,362856.0
LUX,1980,364152.0
LUX,1981,365219.0
LUX,1982,365525.0
LUX,1983,365621.0
LUX,1984,365997.0
LUX,1985,366707.0
LUX,1986,368354.0
LUX,1987,370751.0
LUX,1988,373450.0
LUX,1989,377095.0
LUX,1990,381857.0
LUX,1991,386999.0
LUX,1992,392171.0
LUX,1993,397481.0
LUX,1994,402921.0
LUX,1995,408625.0
LUX,1996,414228.0
LUX,1997,419440.0
LUX,1998,424699.0
LUX,1999,430475.0
LUX,2000,436303.0
LUX,2001,441522.0
LUX,2002,446166.0
LUX,2003,451626.0
LUX,2004,458098.0
LUX,2005,465152.0
LUX,2006,472641.0
LUX,2007,479992.0
LUX,2008,488647.0
LUX,2009,497783.0
LUX,2010,506953.0
LUX,2011,518351.0
LUX,2012,530952.0
LUX,2013,543358.0
LUX,2014,556322.0
LUX,2015,569605.0
LUX,2016,583459.0
LUX,2017,596337.0
LUX,2018,607950.0
LUX,2019,620003.0
LUX,2020,630413.0
LUX,2021,640064.0
NOR,1950,3265127.0
NOR,1951,3295871.0
NOR,1952,3327736.0
NOR,1953,3360892.0
NOR,1954,3394243.0
NOR,1955,3428210.0
NOR,1956,3460779.0
NOR,1957,3491935.0
NOR,1958,3522996.0
NOR,1959,3552852.0
NOR,1960,3581241.0
NOR,1961,3609801.0
NOR,1962,3638921.0
NOR,1963,3666538.0
NOR,1964,3694339.0
NOR,1965,3723172.0
NOR,1966,3753013.0
NOR,1967,3784533.0
NOR,1968,3816488.0
NOR,1969,3847710.0
NOR,1970,3875757.0
NOR,1971,3903034.0
NOR,1972,3933001.0
NOR,1973,3960614.0
NOR,1974,3985262.0
NOR,1975,4007319.0
NOR,1976,4026151.0
NOR,1977,4043204.0
NOR,1978,4058674.0
NOR,1979,4072514.0
NOR,1980,4085620.0
NOR,1981,4099703.0
NOR,1982,4114786.0
NOR,1983,4128434.0
NOR,1984,4140098.0
NOR,1985,4152518.0
NOR,1986,4167357.0
NOR,1987,4186905.0
NOR,1988,4209489.0
NOR,1989,4226909.0
NOR,1990,4241476.0
NOR,1991,4261738.0
NOR,1992,4286397.0
NOR,1993,4311984.0
NOR,1994,4336614.0
NOR,1995,4359187.0
NOR,1996,4381339.0
NOR,1997,4405158.0
NOR,1998,4431465.0
NOR,1999,4461915.0
NOR,2000,4490973.0
NOR,2001,4513747.0
NOR,2002,4538157.0
NOR,2003,4564856.0
NOR,2004,4591909.0
NOR,2005,4623293.0
NOR,2006,4660673.0
NOR,2007,4709156.0
NOR,2008,4768215.0
NOR,2009,4828716.0
NOR,2010,4889253.0
NOR,2011,4953089.0
NOR,2012,5018574.0
NOR,2013,5080171.0
NOR,2014,5137427.0
NOR,2015,5189898.0
NOR,2016,5236152.0
NOR,2017,5276965.0
NOR,2018,5311916.0
NOR,2019,5347893.0
NOR,2020,5379472.0
NOR,2021,5408320.0
BGR,1950,7157628.0
BGR,1951,7228736.0
BGR,1952,7293472.0
BGR,1953,7362710.0
BGR,1954,7439600.0
BGR,1955,7517923.0
BGR,1956,7596097.0
BGR,1957,7672060.0
BGR,1958,7749339.0
BGR,1959,7820755.0
BGR,1960,7867374.0
BGR,1961,7943118.0
BGR,1962,8012946.0
BGR,1963,8078145.0
BGR,1964,8144340.0
BGR,1965,8204168.0
BGR,1966,8258057.0
BGR,1967,8310226.0
BGR,1968,8369603.0
BGR,1969,8434172.0
BGR,1970,8489574.0
BGR,1971,8536395.0
BGR,1972,8576200.0
BGR,1973,8620967.0
BGR,1974,8678745.0
BGR,1975,8720742.0
BGR,1976,8758599.0
BGR,1977,8804183.0
BGR,1978,8814032.0
BGR,1979,8825940.0
BGR,1980,8861535.0
BGR,1981,8891117.0
BGR,1982,8917457.0
BGR,1983,8939738.0
BGR,1984,8960679.0
BGR,1985,8960547.0
BGR,1986,8958171.0
BGR,1987,8971359.0
BGR,1988,8981446.0
BGR,1989,8876972.0
BGR,1990,8718289.0
BGR,1991,8632367.0
BGR,1992,8540164.0
BGR,1993,8472313.0
BGR,1994,8443591.0
BGR,1995,8406067.0
BGR,1996,8362826.0
BGR,1997,8312068.0
BGR,1998,8256786.0
BGR,1999,8210624.0
BGR,2000,8170172.0
BGR,2001,8009141.5
BGR,2002,7837160.5
BGR,2003,7775326.5
BGR,2004,7716860.0
BGR,2005,7658972.0
BGR,2006,7601022.0
BGR,2007,7545337.5
BGR,2008,7492560.5
BGR,2009,7444442.5
BGR,2010,7395598.5
BGR,2011,7348327.5
BGR,2012,7305888.0
BGR,2013,7265114.5
BGR,2014,7223937.5
BGR,2015,7177991.0
BGR,2016,7127821.5
BGR,2017,7075946.5
BGR,2018,7025036.5
BGR,2019,6975760.5
BGR,2020,6934015.0
BGR,2021,6877742.5
PRT,1950,8439171.0
PRT,1951,8493316.0
PRT,1952,8556085.0
PRT,1953,8581255.0
PRT,1954,8605700.0
PRT,1955,8640325.0
PRT,1956,8683020.0
PRT,1957,8712675.0
PRT,1958,8749935.0
PRT,1959,8800845.0
PRT,1960,8857716.0
PRT,1961,8929316.0
PRT,1962,8993985.0
PRT,1963,9030355.0
PRT,1964,9035365.0
PRT,1965,8998595.0
PRT,1966,8930990.0
PRT,1967,8874520.0
PRT,1968,8836650.0
PRT,1969,8757705.0
PRT,1970,8680431.0
PRT,1971,8643755.0
PRT,1972,8630430.5
PRT,1973,8633100.5
PRT,1974,8754362.5
PRT,1975,9093471.0
PRT,1976,9355812.0
PRT,1977,9455672.5
PRT,1978,9558247.5
PRT,1979,9661264.5
PRT,1980,9766275.0
PRT,1981,9851325.0
PRT,1982,9911770.5
PRT,1983,9957865.0
PRT,1984,9996232.0
PRT,1985,10023613.0
PRT,1986,10032733.5
PRT,1987,10030030.5
PRT,1988,10019610.0
PRT,1989,10005000.0
PRT,1990,9983218.0
PRT,1991,9960235.0
PRT,1992,9952493.5
PRT,1993,9964674.5
PRT,1994,9991525.0
PRT,1995,10026176.0
PRT,1996,10063944.5
PRT,1997,10108977.0
PRT,1998,10160196.0
PRT,1999,10217828.0
PRT,2000,10289898.0
PRT,2001,10362721.5
PRT,2002,10419630.5
PRT,2003,10458821.0
PRT,2004,10483861.0
PRT,2005,10503330.0
PRT,2006,10522288.0
PRT,2007,10542963.5
PRT,2008,10558176.5
PRT,2009,10568246.5
PRT,2010,10573100.0
PRT,2011,10557559.5
PRT,2012,10514843.5
PRT,2013,10457295.0
PRT,2014,10401061.5
PRT,2015,10358076.0
PRT,2016,10325451.5
PRT,2017,10300300.0
PRT,2018,10283822.0
PRT,2019,10286263.0
PRT,2020,10297080.5
PRT,2021,10297876.0
EST,1950,1102076.0
EST,1951,1116339.0
EST,1952,1130242.0
EST,1953,1143305.0
EST,1954,1155800.0
EST,1955,1168279.0
EST,1956,1179949.0
EST,1957,1190790.0
EST,1958,1199865.0
EST,1959,1207084.0
EST,1960,1218065.0
EST,1961,1233244.0
EST,1962,1248161.0
EST,1963,1262543.0
EST,1964,1277335.0
EST,1965,1292005.0
EST,1966,1305810.0
EST,1967,1319741.0
EST,1968,1334226.0
EST,1969,1348703.0
EST,1970,1360076.0
EST,1971,1376955.0
EST,1972,1392518.0
EST,1973,1405951.0
EST,1974,1418169.0
EST,1975,1429352.0
EST,1976,1439576.0
EST,1977,1450211.0
EST,1978,1460188.0
EST,1979,1468333.0
EST,1980,1477219.0
EST,1981,1487666.0
EST,1982,1498414.0
EST,1983,1508745.0
EST,1984,1518617.0
EST,1985,1528781.0
EST,1986,1540190.0
EST,1987,1552221.0
EST,1988,1561900.0
EST,1989,1568131.0
EST,1990,1569174.0
EST,1991,1561314.0
EST,1992,1533091.0
EST,1993,1494128.0
EST,1994,1462514.0
EST,1995,1436634.0
EST,1996,1415594.0
EST,1997,1399535.0
EST,1998,1386156.0
EST,1999,1375654.0
EST,2000,1396985.0
EST,2001,1388115.0
EST,2002,1379350.0
EST,2003,1370720.0
EST,2004,1362550.0
EST,2005,1354775.0
EST,2006,1346810.0
EST,2007,1340680.0
EST,2008,1337090.0
EST,2009,1334515.0
EST,2010,1331475.0
EST,2011,1327439.0
EST,2012,1322696.0
EST,2013,1317997.0
EST,2014,1314545.0
EST,2015,1314608.0
EST,2016,1315790.0
EST,2017,1317384.0
EST,2018,1321977.0
EST,2019,1326855.0
EST,2020,1329479.0
EST,2021,1330932.0
SGP,1950,1022095.0
SGP,1951,1067797.0
SGP,1952,1119932.0
SGP,1953,1177580.0
SGP,1954,1239692.0
SGP,1955,1305103.0
SGP,1956,1372516.0
SGP,1957,1440490.0
SGP,1958,1507544.0
SGP,1959,1572174.0
SGP,1960,1646400.0
SGP,1961,1702400.0
SGP,1962,1750200.0
SGP,1963,1795000.0
SGP,1964,1841600.0
SGP,1965,1886900.0
SGP,1966,1934400.0
SGP,1967,1977600.0
SGP,1968,2012000.0
SGP,1969,2042500.0
SGP,1970,2013563.0
SGP,1971,2112900.0
SGP,1972,2152400.0
SGP,1973,2193000.0
SGP,1974,2229800.0
SGP,1975,2262600.0
SGP,1976,2293300.0
SGP,1977,2325300.0
SGP,1978,2353600.0
SGP,1979,2383500.0
SGP,1980,2282125.0
SGP,1981,2324403.0
SGP,1982,2365707.0
SGP,1983,2406165.0
SGP,1984,2443705.0
SGP,1985,2482615.0
SGP,1986,2518598.0
SGP,1987,2553864.0
SGP,1988,2598458.0
SGP,1989,2647627.0
SGP,1990,2735868.0
SGP,1991,2794704.0
SGP,1992,2849754.0
SGP,1993,2904547.0
SGP,1994,2959350.0
SGP,1995,3013515.0
SGP,1996,3068132.0
SGP,1997,3123403.0
SGP,1998,3180018.0
SGP,1999,3229681.0
SGP,2000,3273363.0
SGP,2001,3325902.0
SGP,2002,3382944.0
SGP,2003,3366891.0
SGP,2004,3413266.0
SGP,2005,3467814.0
SGP,2006,3525894.0
SGP,2007,3583082.0
SGP,2008,3642659.0
SGP,2009,3733876.0
SGP,2010,3771721.0
SGP,2011,3789251.0
SGP,2012,3818205.0
SGP,2013,3844751.0
SGP,2014,3870739.0
SGP,2015,3902690.0
SGP,2016,3933559.0
SGP,2017,3965796.0
SGP,2018,3994283.0
SGP,2019,4026209.0
SGP,2020,4044210.0
SGP,2021,3986842.0
FRA,1950,41828708.0
FRA,1951,42155531.0
FRA,1952,42459667.0
FRA,1953,42751748.0
FRA,1954,43056508.0
FRA,1955,43427667.0
FRA,1956,43843074.0
FRA,1957,44310865.0
FRA,1958,44788852.0
FRA,1959,45239730.0
FRA,1960,45684228.0
FRA,1961,46162831.0
FRA,1962,46997707.0
FRA,1963,47816220.0
FRA,1964,48310410.0
FRA,1965,48757799.0
FRA,1966,49163665.0
FRA,1967,49548302.0
FRA,1968,49915403.0
FRA,1969,50317983.0
FRA,1970,50772222.0
FRA,1971,51251098.0
FRA,1972,51700913.0
FRA,1973,52118300.0
FRA,1974,52460358.0
FRA,1975,52699171.0
FRA,1976,52908675.0
FRA,1977,53145280.0
FRA,1978,53376322.0
FRA,1979,53606226.0
FRA,1980,53880012.0
FRA,1981,54181806.0
FRA,1982,54492495.0
FRA,1983,54772418.0
FRA,1984,55026074.0
FRA,1985,55284271.0
FRA,1986,55546504.0
FRA,1987,55823956.0
FRA,1988,56117974.0
FRA,1989,56423411.0
FRA,1990,56708826.0
FRA,1991,58425681.0
FRA,1992,58711615.0
FRA,1993,58961049.0
FRA,1994,59175335.0
FRA,1995,59383991.0
FRA,1996,59589289.0
FRA,1997,59795263.0
FRA,1998,60011008.0
FRA,1999,60315406.0
FRA,2000,60724780.0
FRA,2001,61163237.0
FRA,2002,61604550.0
FRA,2003,62037544.0
FRA,2004,62490800.0
FRA,2005,62958328.0
FRA,2006,63393406.0
FRA,2007,63781275.0
FRA,2008,64133174.0
FRA,2009,64458715.0
FRA,2010,64773169.0
FRA,2011,65087317.0
FRA,2012,65402998.0
FRA,2013,65735961.0
FRA,2014,66276671.0
FRA,2015,66512558.0
FRA,2016,66688563.0
FRA,2017,66883314.0
FRA,2018,67125071.0
FRA,2019,67356050.0
FRA,2020,67540257.0
FRA,2021,67719897.0
NLD,1950,10113528.0
NLD,1951,10264309.0
NLD,1952,10381980.0
NLD,1953,10493184.0
NLD,1954,10615385.0
NLD,1955,10750840.0
NLD,1956,10889358.0
NLD,1957,11026384.0
NLD,1958,11186878.0
NLD,1959,11347635.0
NLD,1960,11486630.0
NLD,1961,11638709.0
NLD,1962,11805690.0
NLD,1963,11965967.0
NLD,1964,12127116.0
NLD,1965,12294732.0
NLD,1966,12456254.0
NLD,1967,12598202.0
NLD,1968,12729717.0
NLD,1969,12877984.0
NLD,1970,13038523.0
NLD,1971,13194497.0
NLD,1972,13328595.0
NLD,1973,13439325.0
NLD,1974,13545054.0
NLD,1975,13666329.0
NLD,1976,13774037.0
NLD,1977,13856188.0
NLD,1978,13941702.0
NLD,1979,14038270.0
NLD,1980,14149799.0
NLD,1981,14247217.0
NLD,1982,14312689.0
NLD,1983,14367066.0
NLD,1984,14424211.0
NLD,1985,14491629.0
NLD,1986,14572280.0
NLD,1987,14665037.0
NLD,1988,14760092.0
NLD,1989,14848906.0
NLD,1990,14951510.0
NLD,1991,15069799.0
NLD,1992,15184163.0
NLD,1993,15290368.0
NLD,1994,15382834.0
NLD,1995,15459004.0
NLD,1996,15530500.0
NLD,1997,15610650.0
NLD,1998,15707205.0
NLD,1999,15812085.0
NLD,2000,15925505.0
NLD,2001,16046182.0
NLD,2002,16148921.0
NLD,2003,16225303.0
NLD,2004,16281777.0
NLD,2005,16319871.0
NLD,2006,16346096.0
NLD,2007,16381696.0
NLD,2008,16445590.0
NLD,2009,16530387.0
NLD,2010,16615390.0
NLD,2011,16693074.0
NLD,2012,16754963.0
NLD,2013,16804430.0
NLD,2014,16865008.0
NLD,2015,16939925.0
NLD,2016,17030314.0
NLD,2017,17131295.0
NLD,2018,17231622.0
NLD,2019,17344876.0
NLD,2020,17441500.0
NLD,2021,17533406.0
SAU,1950,3121340.0
SAU,1951,3198811.0
SAU,1952,3283593.0
SAU,1953,3372837.0
SAU,1954,3464662.0
SAU,1955,3558165.0
SAU,1956,3653505.0
SAU,1957,3751798.0
SAU,1958,3855030.0
SAU,1959,3965799.0
SAU,1960,4086534.0
SAU,1961,4218852.0
SAU,1962,4362788.0
SAU,1963,4516540.0
SAU,1964,4677304.0
SAU,1965,4843632.0
SAU,1966,5015353.0
SAU,1967,5195124.0
SAU,1968,5387822.0
SAU,1969,5599909.0
SAU,1970,5836388.0
SAU,1971,6100631.0
SAU,1972,6392973.0
SAU,1973,6711922.0
SAU,1974,7054532.0
SAU,1975,7419486.0
SAU,1976,7802928.0
SAU,1977,8207695.0
SAU,1978,8646845.0
SAU,1979,9137928.0
SAU,1980,9691471.0
SAU,1981,10311771.0
SAU,1982,10988851.0
SAU,1983,11701132.0
SAU,1984,12418836.0
SAU,1985,13118998.0
SAU,1986,13794167.0
SAU,1987,14445663.0
SAU,1988,15070082.0
SAU,1989,15666289.0
SAU,1990,16233786.0
SAU,1991,16772695.0
SAU,1992,17282686.0
SAU,1993,17763297.0
SAU,1994,18214475.0
SAU,1995,18638790.0
SAU,1996,19033843.0
SAU,1997,19407138.0
SAU,1998,19783301.0
SAU,1999,20194531.0
SAU,2000,20663840.0
SAU,2001,21202646.0
SAU,2002,21805322.0
SAU,2003,22456645.0
SAU,2004,23132686.0
SAU,2005,23816175.0
SAU,2006,24498313.0
SAU,2007,25184589.0
SAU,2008,25888535.0
SAU,2009,26630303.0
SAU,2010,27410508.0
SAU,2011,28173195.0
SAU,2012,28896840.0
SAU,2013,29613064.0
SAU,2014,30339795.0
SAU,2015,31062069.0
SAU,2016,31787580.0
SAU,2017,32612641.0
SAU,2018,33413660.0
SAU,2019,34218169.0
SAU,2020,35013414.0
SAU,2021,34110821.0
RUS,1950,102798649.0
RUS,1951,104304698.0
RUS,1952,105967087.0
RUS,1953,107727310.0
RUS,1954,109536504.0
RUS,1955,111355301.0
RUS,1956,113154332.0
RUS,1957,114913780.0
RUS,1958,116622392.0
RUS,1959,118275873.0
RUS,1960,119871700.0
RUS,1961,121403897.0
RUS,1962,122858215.0
RUS,1963,124210253.0
RUS,1964,125430991.0
RUS,1965,126503741.0
RUS,1966,127417192.0
RUS,1967,128187398.0
RUS,1968,128859795.0
RUS,1969,129497500.0
RUS,1970,130148650.0
RUS,1971,130830724.0
RUS,1972,131539634.0
RUS,1973,132275730.0
RUS,1974,133032258.0
RUS,1975,133804859.0
RUS,1976,134596225.0
RUS,1977,135413335.0
RUS,1978,136259824.0
RUS,1979,137139387.0
RUS,1980,138053143.0
RUS,1981,138993850.0
RUS,1982,139954626.0
RUS,1983,140935774.0
RUS,1984,141938482.0
RUS,1985,142957289.0
RUS,1986,143995348.0
RUS,1987,145032886.0
RUS,1988,146013482.0
RUS,1989,146863927.0
RUS,1990,147969413.0
RUS,1991,148394220.0
RUS,1992,148538190.0
RUS,1993,148458780.0
RUS,1994,148407906.0
RUS,1995,148375796.0
RUS,1996,148160121.0
RUS,1997,147915371.0
RUS,1998,147670787.0
RUS,1999,147214777.0
RUS,2000,146596873.0
RUS,2001,145976465.0
RUS,2002,145306489.0
RUS,2003,144565937.0
RUS,2004,143821218.0
RUS,2005,143113885.0
RUS,2006,142487259.0
RUS,2007,142114903.0
RUS,2008,141956413.0
RUS,2009,141909248.0
RUS,2010,142389969.0
RUS,2011,142960911.0
RUS,2012,143201721.0
RUS,2013,143506995.0
RUS,2014,143819657.0
RUS,2015,146406004.0
RUS,2016,146674542.0
RUS,2017,146842404.0
RUS,2018,146830572.0
RUS,2019,146764661.0
RUS,2020,146459803.0
MLT,1950,291876.0
MLT,1951,298189.0
MLT,1952,304710.0
MLT,1953,311417.0
MLT,1954,317760.0
MLT,1955,323598.0
MLT,1956,328720.0
MLT,1957,332599.0
MLT,1958,335352.0
MLT,1959,336970.0
MLT,1960,337628.0
MLT,1961,337119.0
MLT,1962,335454.0
MLT,1963,332895.0
MLT,1964,329758.0
MLT,1965,326401.0
MLT,1966,322987.0
MLT,1967,320154.0
MLT,1968,318057.0
MLT,1969,316457.0
MLT,1970,315413.0
MLT,1971,315100.0
MLT,1972,315372.0
MLT,1973,316195.0
MLT,1974,317611.0
MLT,1975,319620.0
MLT,1976,322012.0
MLT,1977,324649.0
MLT,1978,327467.0
MLT,1979,330474.0
MLT,1980,333590.0
MLT,1981,336618.0
MLT,1982,339668.0
MLT,1983,342888.0
MLT,1984,330593.0
MLT,1985,336452.0
MLT,1986,342121.0
MLT,1987,344485.0
MLT,1988,347325.0
MLT,1989,350722.0
MLT,1990,354170.0
MLT,1991,357727.0
MLT,1992,361260.0
MLT,1993,364704.0
MLT,1994,367941.0
MLT,1995,370433.0
MLT,1996,372687.0
MLT,1997,375236.0
MLT,1998,377516.0
MLT,1999,379360.0
MLT,2000,385808.0
MLT,2001,393028.0
MLT,2002,395969.0
MLT,2003,398582.0
MLT,2004,401263.0
MLT,2005,403825.0
MLT,2006,405311.0
MLT,2007,406725.0
MLT,2008,409377.0
MLT,2009,412474.0
MLT,2010,414509.0
MLT,2011,416264.0
MLT,2012,420033.0
MLT,2013,425968.0
MLT,2014,434557.0
MLT,2015,445056.0
MLT,2016,455356.0
MLT,2017,468005.0
MLT,2018,484634.0
MLT,2019,504059.0
MLT,2020,515330.0
MLT,2021,516748.0
CHN,1950,543979234.0
CHN,1951,553613988.0
CHN,1952,564954524.0
CHN,1953,577378684.0
CHN,1954,589936002.0
CHN,1955,603320144.0
CHN,1956,616283023.0
CHN,1957,630003024.0
CHN,1958,643791579.0
CHN,1959,652179195.0
CHN,1960,654170692.0
CHN,1961,655260379.0
CHN,1962,664614649.0
CHN,1963,683903557.0
CHN,1964,704593772.0
CHN,1965,723846349.0
CHN,1966,742948540.0
CHN,1967,761006262.0
CHN,1968,780371957.0
CHN,1969,801430977.0
CHN,1970,822534453.0
CHN,1971,843285426.0
CHN,1972,862840407.0
CHN,1973,881652080.0
CHN,1974,899367638.0
CHN,1975,915124661.0
CHN,1976,929375923.0
CHN,1977,942581332.0
CHN,1978,955138944.0
CHN,1979,968298971.0
CHN,1980,982372466.0
CHN,1981,997259503.0
CHN,1982,1013483165.0
CHN,1983,1029226906.0
CHN,1984,1044172197.0
CHN,1985,1060239981.0
CHN,1986,1077770523.0
CHN,1987,1096851843.0
CHN,1988,1115889802.0
CHN,1989,1134414725.0
CHN,1990,1153704253.0
CHN,1991,1170626171.0
CHN,1992,1183813388.0
CHN,1993,1195855556.0
CHN,1994,1207286676.0
CHN,1995,1218144424.0
CHN,1996,1228298839.0
CHN,1997,1237801448.0
CHN,1998,1246836105.0
CHN,1999,1255433238.0
CHN,2000,1264099070.0
CHN,2001,1272739581.0
CHN,2002,1280926119.0
CHN,2003,1288873367.0
CHN,2004,1296816710.0
CHN,2005,1304887560.0
CHN,2006,1313086568.0
CHN,2007,1321513225.0
CHN,2008,1330167153.0
CHN,2009,1339125594.0
CHN,2010,1348191369.0
CHN,2011,1357095477.0
CHN,2012,1366560818.0
CHN,2013,1376100306.0
CHN,2014,1385189667.0
CHN,2015,1393715447.0
CHN,2016,1401889680.0
CHN,2017,1410275957.0
CHN,2018,1417069468.0
CHN,2019,1421864034.0
CHN,2020,1424929783.0
CHN,2021,1425893465.0
COL,1950,11769749.0
COL,1951,12087054.0
COL,1952,12419966.0
COL,1953,12767237.0
COL,1954,13130651.0
COL,1955,13512611.0
COL,1956,13911404.0
COL,1957,14329355.0
COL,1958,14760797.0
COL,1959,15211090.0
COL,1960,15687691.0
COL,1961,16182414.0
COL,1962,16691286.0
COL,1963,17210952.0
COL,1964,17739753.0
COL,1965,18275813.0
COL,1966,18811407.0
COL,1967,19343964.0
COL,1968,19872505.0
COL,1969,20392263.0
COL,1970,20905256.0
COL,1971,21405414.0
COL,1972,21898055.0
COL,1973,22396319.0
COL,1974,22897871.0
COL,1975,23403730.0
COL,1976,23913004.0
COL,1977,24443928.0
COL,1978,25003607.0
COL,1979,25579321.0
COL,1980,26176195.0
COL,1981,26785984.0
COL,1982,27405193.0
COL,1983,28042330.0
COL,1984,28689034.0
COL,1985,30802221.0
COL,1986,31439997.0
COL,1987,32096973.0
COL,1988,32767110.0
COL,1989,33446912.0
COL,1990,34130022.0
COL,1991,34830570.0
COL,1992,35520940.0
COL,1993,36207108.0
COL,1994,36853905.0
COL,1995,37472184.0
COL,1996,38068050.0
COL,1997,38635691.0
COL,1998,39184456.0
COL,1999,39730798.0
COL,2000,40295563.0
COL,2001,40813541.0
COL,2002,41328824.0
COL,2003,41848959.0
COL,2004,42368489.0
COL,2005,42888592.0
COL,2006,43405956.0
COL,2007,43926929.0
COL,2008,44451147.0
COL,2009,44978832.0
COL,2010,45509584.0
COL,2011,46044601.0
COL,2012,46581823.0
COL,2013,47121089.0
COL,2014,47661787.0
COL,2015,48203405.0
COL,2016,48747708.0
COL,2017,49291609.0
COL,2018,49834240.0
COL,2019,50374478.0
COL,2020,50911747.0
COL,2021,51573744.0
DEU,1950,70964095.0
DEU,1951,69565603.0
DEU,1952,69974838.0
DEU,1953,70365355.0
DEU,1954,70755387.0
DEU,1955,71147383.0
DEU,1956,71146613.0
DEU,1957,71209164.0
DEU,1958,71752946.0
DEU,1959,72286928.0
DEU,1960,72814897.0
DEU,1961,73377631.0
DEU,1962,74025787.0
DEU,1963,74714356.0
DEU,1964,75318338.0
DEU,1965,75963697.0
DEU,1966,76600311.0
DEU,1967,76951342.0
DEU,1968,77294310.0
DEU,1969,77909681.0
DEU,1970,78169285.0
DEU,1971,78312838.0
DEU,1972,78688450.0
DEU,1973,78936672.0
DEU,1974,78967429.0
DEU,1975,78673555.0
DEU,1976,78336948.0
DEU,1977,78159813.0
DEU,1978,78091821.0
DEU,1979,78126353.0
DEU,1980,78288576.0
DEU,1981,78407904.0
DEU,1982,78333354.0
DEU,1983,78128284.0
DEU,1984,77858682.0
DEU,1985,77684878.0
DEU,1986,77720438.0
DEU,1987,77839920.0
DEU,1988,78144617.0
DEU,1989,78751284.0
DEU,1990,79433034.0
DEU,1991,80013901.0
DEU,1992,80624601.0
DEU,1993,81156368.0
DEU,1994,81438346.0
DEU,1995,81678046.0
DEU,1996,81914834.0
DEU,1997,82034775.0
DEU,1998,82047197.0
DEU,1999,82100243.0
DEU,2000,82211501.0
DEU,2001,82349926.0
DEU,2002,82488493.0
DEU,2003,82534175.0
DEU,2004,82516268.0
DEU,2005,82469421.0
DEU,2006,82376447.0
DEU,2007,82266373.0
DEU,2008,82110097.0
DEU,2009,81902308.0
DEU,2010,81776936.0
DEU,2011,80274981.0
DEU,2012,80425826.0
DEU,2013,80645605.0
DEU,2014,80982495.0
DEU,2015,81686608.0
DEU,2016,82348669.0
DEU,2017,82657000.0
DEU,2018,82905788.0
DEU,2019,83092958.0
DEU,2020,83160874.0
DEU,2021,83196074.0
